i_new,Revenu_Imputé_2,Unnamed: 2,Freq Nombre de Jours sans pluie,nbjour,nbjsp,uc1,revenu,Revenu imputé,nbpers,nenf,naa (Nombre d'adultes actifs),nana (Nombre d'adultes non actifs),jardin (1 = oui),Piscine (1 = oui),Assainissement Collectif (1 = oui),NonAssaini,maison (1 = oui),retraité (1 = oui),proprio (1 = oui),id_projet
1,226.8763610136325,1,0.2727272727272727,99,27,2.7,1,2187,4,2,2,0,1,0,0,1,1,0,1,1
2,840.2123494014184,2,0.3277310924369748,119,39,2.7,1,2187,4,2,2,0,1,0,0,1,1,0,1,1
3,1756.3742302036542,3,0.5192307692307693,52,27,2.7,1,2187,4,2,2,0,1,0,0,1,1,0,1,1
4,2502.8494183130338,4,0.7650273224043715,183,140,5.3,3,1093,8,3,1,4,0,0,1,0,0,0,0,1
5,1293.3174051673914,5,0.8057142857142857,175,141,5.3,3,1093,8,3,1,4,0,0,1,0,0,0,0,1
6,2146.2463432499385,6,0.8054054054054054,185,149,5.3,3,1093,8,3,1,4,0,0,1,0,0,0,0,1
7,6463.649119675464,7,1.1415094339622642,106,89,1.7,7,7374,2,0,1,1,1,0,0,1,1,0,0,1
8,10383.062495687187,8,0.6326530612244898,98,62,1.7,7,7374,2,0,1,1,1,0,0,1,1,0,0,1
9,6181.2073448151805,9,0.6538461538461539,78,51,1.7,7,7374,2,0,1,1,1,0,0,1,1,0,0,1
10,1386.2490102750019,10,0.2967032967032967,91,27,3.1,1,2058,4,0,2,2,1,0,0,1,1,1,1,1
11,1468.3470457922035,11,0.5108695652173914,92,47,3.1,1,2058,4,0,2,2,1,0,0,1,1,1,1,1
12,6238.997756591493,12,0.37362637362637363,91,34,3.1,1,2058,4,0,2,2,1,0,0,1,1,1,1,1
13,3087.8638682867445,13,0.7569444444444444,144,109,1.7,2,3705,2,0,2,0,1,0,0,1,1,0,0,1
14,2364.3833837507655,14,0.6289592760180995,221,139,1.7,2,3705,2,0,2,0,1,0,0,1,1,0,0,1
15,6052.222485486975,15,0.46226415094339623,212,98,1.7,2,3705,2,0,2,0,1,0,0,1,1,0,0,1
16,1616.0685622531275,16,0.7553191489361702,94,71,2.7,1,2146,4,2,2,0,1,0,0,1,1,0,0,1
17,4208.714640359627,17,0.6986301369863014,73,51,2.7,1,2146,4,2,2,0,1,0,0,1,1,0,0,1
18,3975.6994975616626,18,0.7142857142857143,91,65,2.7,1,2146,4,2,2,0,1,0,0,1,1,0,0,1
19,3973.7069322806956,19,0.31952662721893493,169,54,2.4,1,2067,3,0,2,1,1,0,1,0,1,0,1,1
20,1610.00009342251,20,0.4712041884816754,191,90,2.4,1,2067,3,0,2,1,1,0,1,0,1,0,1,1
21,297.3781104239704,21,0.4574468085106383,188,86,2.4,1,2067,3,0,2,1,1,0,1,0,1,0,1,1
22,7820.787233939519,22,0.5891891891891892,185,109,3.1,7,7374,4,0,2,2,1,0,0,1,1,0,1,1
23,17616.69632538333,23,0.4835164835164835,182,88,3.1,7,7374,4,0,2,2,1,0,0,1,1,0,1,1
24,7899.177130770441,24,0.5054945054945055,182,92,3.1,7,7374,4,0,2,2,1,0,0,1,1,0,1,1
25,2662.421635269807,25,0.9484536082474226,97,92,2.7,3,1093,4,2,0,2,1,0,0,1,1,0,1,1
26,1757.1134611075895,26,0.7636363636363637,55,42,2.7,3,1093,4,2,0,2,1,0,0,1,1,0,1,1
27,1829.6233140050551,27,0.5333333333333333,60,32,2.7,3,1093,4,2,0,2,1,0,0,1,1,0,1,1
28,498.93028813727653,28,0.8125,176,143,2.2,3,1110,3,1,0,2,1,0,0,1,1,0,0,1
29,2805.7424259279233,29,0.5786516853932584,178,103,2.2,3,1110,3,1,0,2,1,0,0,1,1,0,0,1
30,3141.459896155876,30,0.7049180327868853,183,129,1.7,1,2058,2,0,0,2,1,0,0,1,1,1,1,1
31,911.6062618396884,31,0.8804347826086957,184,162,1.7,1,2058,2,0,0,2,1,0,0,1,1,1,1,1
32,3258.412517047576,32,0.6795580110497238,181,123,1.7,1,2058,2,0,0,2,1,0,0,1,1,1,1,1
33,510.0692307237084,33,0.4835164835164835,182,88,3.9,3,1110,6,3,0,3,1,0,0,1,1,0,0,1
34,809.445053842517,34,0.45901639344262296,183,84,3.9,3,1110,6,3,0,3,1,0,0,1,1,0,0,1
35,3046.49925726878,35,0.8306010928961749,183,152,3.7,3,1093,6,4,0,2,1,0,1,0,1,0,0,1
36,1363.4424609229686,36,0.7423312883435583,163,121,3.7,3,1093,6,4,0,2,1,0,1,0,1,0,0,1
37,590.5740031092979,37,0.7019230769230769,208,146,3.7,3,1093,6,4,0,2,1,0,1,0,1,0,0,1
38,1561.3776657722692,38,0.47641509433962265,212,101,2.4,3,1217,3,0,0,3,1,0,0,1,1,0,0,1
39,313.7854310304298,39,0.6209150326797386,153,95,2.4,3,1217,3,0,0,3,1,0,0,1,1,0,0,1
40,1180.080987351578,40,0.4481132075471698,212,95,2.4,3,1217,3,0,0,3,1,0,0,1,1,0,0,1
41,1875.5905233118626,41,0.6289592760180995,221,139,1.7,3,1106,2,0,0,2,1,0,0,1,1,1,1,1
42,584.5119323968453,42,0.7516339869281046,153,115,1.7,3,1106,2,0,0,2,1,0,0,1,1,1,1,1
43,9879.927375754914,43,0.7942857142857143,175,139,2.7,2,3640,4,2,2,0,1,1,1,0,1,0,1,1
44,5626.465860887832,44,0.7401574803149606,381,282,2.7,2,3640,4,2,2,0,1,1,0,1,1,0,1,1
45,272.4379877588915,45,0.35793357933579334,271,97,3.6,3,1093,5,1,3,1,1,0,0,1,1,0,0,1
46,959.6002668428915,46,0.17222222222222222,180,31,3.6,3,1093,5,1,3,1,1,0,0,1,1,0,0,1
47,1292.5617471197595,47,0.5284552845528455,123,65,3.6,3,1093,5,1,3,1,1,0,0,1,1,0,0,1
48,13492.104711738612,48,0.7714285714285715,175,135,2.2,7,7374,3,1,2,0,1,0,1,0,0,0,1,1
49,18711.792170605302,49,0.0898876404494382,178,164,2.2,7,7374,3,1,2,0,1,0,1,0,0,0,1,1
50,529.7115447783341,50,0.3925619834710744,242,95,2.7,3,1093,4,2,1,1,1,0,0,1,1,0,1,1
51,1600.3558705205055,51,0.5534351145038168,262,145,2.7,3,1093,4,2,1,1,1,0,0,1,1,0,1,1
52,355.28934165992405,52,0.3832599118942731,227,142,2.7,3,1093,4,2,1,1,1,0,0,1,1,0,1,1
53,3737.7794077204635,53,0.13545816733067728,251,34,2.7,1,2146,4,2,2,0,1,0,0,1,1,0,1,1
54,1436.5729864538735,54,0.1597222222222222,144,23,2.7,1,2146,4,2,2,0,1,0,0,1,1,0,1,1
55,5414.6176221831965,55,0.12637362637362637,182,23,2.7,1,2146,4,2,2,0,1,0,0,1,1,0,1,1
56,829.3500056791179,56,0.47641509433962265,212,101,3.6,4,426,5,1,0,4,1,0,0,1,1,0,1,1
57,467.85521705975236,57,0.4460093896713615,213,95,3.6,4,426,5,1,0,4,1,0,0,1,1,0,1,1
58,292.8204949972902,58,0.6209150326797386,153,95,3.6,4,426,5,1,0,4,1,0,0,1,1,0,1,1
59,965.9598110418174,59,0.8453038674033149,181,153,2.9,4,560,4,1,1,2,0,0,1,0,0,1,0,1
60,835.7568920735862,60,0.7747252747252747,182,141,2.9,4,560,4,1,1,2,0,0,1,0,0,1,0,1
61,622.6057555087385,61,0.5657142857142857,175,99,3.2,4,564,5,3,1,1,1,0,0,1,1,0,1,1
62,865.0315713657126,62,0.657608695652174,184,121,1.0,3,1106,1,0,0,1,1,0,0,1,1,1,1,1
63,1159.829765867193,63,0.8181818181818182,187,153,2.2,4,560,3,1,0,2,1,0,1,0,1,1,0,1
64,649.2019436207179,64,0.8288770053475936,187,155,2.2,4,560,3,1,0,2,1,0,1,0,1,1,0,1
65,707.9175476588275,65,0.6808510638297872,47,32,1.0,4,426,3,2,0,1,1,0,1,0,0,0,0,1
66,792.3817675438847,66,0.7722222222222223,180,139,1.0,4,426,3,2,0,1,1,0,1,0,0,0,0,1
67,856.3341771002073,67,0.8901098901098901,91,81,1.0,4,426,3,2,0,1,1,0,1,0,0,0,0,1
68,4852.73664490369,68,0.10989010989010989,182,20,1.7,2,3564,2,0,1,1,1,0,1,0,1,1,0,1
69,983.6662181098368,69,0.9060773480662984,181,164,1.7,2,3564,2,0,1,1,1,0,1,0,1,1,0,1
70,2644.53294845222,70,0.14754098360655737,183,27,1.7,2,3564,2,0,1,1,1,0,1,0,1,1,0,1
71,460.358114319144,71,0.7314285714285714,175,128,2.0,4,426,3,2,0,1,0,0,1,0,0,0,0,1
72,373.1602551812497,72,0.6559139784946236,186,122,2.0,4,426,3,2,0,1,0,0,1,0,0,0,0,1
73,1592.1766889830883,73,0.7784090909090909,176,137,2.0,4,426,3,2,0,1,0,0,1,0,0,0,0,1
74,8623.950440620793,74,0.7393617021276596,376,278,3.6,2,3569,5,1,2,2,1,0,0,1,1,0,1,1
75,6077.767437888555,75,0.7944444444444444,180,143,3.6,2,3569,5,1,2,2,1,0,0,1,1,0,1,1
76,3077.1990486234727,76,0.6809815950920245,163,111,3.6,2,3569,5,1,2,2,1,0,0,1,1,0,1,1
77,2192.5179802893495,77,0.625,152,95,2.7,3,1093,4,2,2,0,1,0,0,1,1,0,1,1
78,1666.8348602070075,78,0.6966292134831461,178,124,3.9,1,2035,6,3,2,1,0,0,0,1,0,0,0,1
79,678.6799842147329,79,0.8430232558139535,172,145,3.9,1,2035,6,3,2,1,0,0,0,1,0,0,0,1
80,1030.9638412108034,80,0.7135416666666666,192,137,3.9,1,2035,6,3,2,1,0,0,0,1,0,0,0,1
81,4066.277677804858,81,0.39285714285714285,196,77,1.7,5,1587,2,0,0,2,1,0,0,1,0,1,1,1
82,4532.127885152764,82,0.5093167701863354,161,82,1.7,5,1587,2,0,0,2,1,0,0,1,0,1,1,1
83,794.9181803922833,83,0.2786885245901639,183,51,1.7,5,1587,2,0,0,2,1,0,0,1,0,1,1,1
84,1309.8294868817072,84,0.782608695652174,161,126,1.0,3,1110,1,0,1,0,0,0,1,0,0,0,0,1
85,245.92038435811605,85,0.6358974358974359,195,124,1.0,3,1110,1,0,1,0,0,0,1,0,0,0,0,1
86,1749.5537297003088,86,0.7595628415300546,183,139,2.9,3,1110,4,1,3,0,1,0,0,1,1,0,1,1
87,270.89780566958575,87,0.5469613259668509,181,99,2.9,3,1110,4,1,3,0,1,0,0,1,1,0,1,1
88,1299.4854708768787,88,0.6222222222222222,180,112,2.9,3,1110,4,1,3,0,1,0,0,1,1,0,1,1
89,1066.0509680189825,89,0.4431818181818182,176,78,2.9,4,548,4,1,0,3,1,0,0,1,1,0,1,1
90,465.68739056024526,90,0.3567567567567568,185,66,2.9,4,548,4,1,0,3,1,0,0,1,1,0,1,1
91,384.86695757200437,91,0.6219512195121951,164,102,2.9,4,548,4,1,0,3,1,0,0,1,1,0,1,1
92,3534.6604392572885,92,0.33035714285714285,112,37,2.4,7,7374,3,0,3,0,1,1,0,1,1,0,1,1
93,13099.174899304455,93,0.5555555555555556,99,55,2.4,7,7374,3,0,3,0,1,1,0,1,1,0,1,1
94,460.6963538404616,94,0.6195652173913043,92,57,2.4,7,7374,3,0,3,0,1,1,0,1,1,0,1,1
95,7696.2700136568,95,0.8366013071895425,153,128,2.7,7,6395,4,2,2,0,1,1,1,0,1,0,1,1
96,445.5551759222453,96,0.575,120,69,2.7,7,6395,4,2,2,0,1,1,1,0,1,0,1,1
97,2508.6043644257074,97,0.5041322314049587,121,61,2.7,7,6395,4,2,2,0,1,1,1,0,1,0,1,1
98,767.3120140189681,98,0.5862068965517241,203,119,2.2,4,560,3,1,0,2,1,0,1,0,1,1,1,1
99,920.7995099569957,99,0.6187845303867403,181,112,2.2,4,560,3,1,0,2,1,0,1,0,1,1,1,1
100,727.9370394948055,100,0.80625,160,129,2.2,4,560,3,1,0,2,1,0,1,0,1,1,1,1
101,1438.8526196441294,101,0.9484536082474226,97,92,1.7,6,4603,2,0,1,1,1,1,1,0,1,0,1,1
102,5561.198631784705,102,0.7636363636363637,55,42,1.7,6,4603,2,0,1,1,1,1,1,0,1,0,1,1
103,3842.1747373744192,103,0.5333333333333333,60,32,1.7,6,4603,2,0,1,1,1,1,1,0,1,0,1,1
104,3226.8026124211447,104,0.6702127659574468,188,126,3.8,7,6149,5,0,1,4,1,0,1,0,1,0,1,1
105,6439.276772960757,105,0.6685714285714286,175,117,3.8,7,6149,5,0,1,4,1,0,1,0,1,0,1,1
106,401.5379057648038,106,0.4175824175824176,182,76,2.9,6,2848,4,1,2,1,1,1,0,1,1,0,0,1
107,1921.3219797084544,107,0.5409836065573771,183,99,2.9,6,2848,4,1,2,1,1,1,0,1,1,0,0,1
108,3714.2843417507065,108,0.4369369369369369,222,97,2.9,6,2848,4,1,2,1,1,1,0,1,1,0,0,1
109,2343.9000057918565,109,0.6735537190082644,242,163,2.7,7,7374,4,2,2,0,1,0,0,1,1,0,1,1
110,6436.558481878238,110,0.5,212,106,2.7,7,7374,4,2,2,0,1,0,0,1,1,0,1,1
111,13133.364213449267,111,0.7581699346405228,153,116,2.7,7,7374,4,2,2,0,1,0,0,1,1,0,1,1
112,1766.5881320538679,112,0.6805555555555556,144,98,1.0,3,1106,1,0,0,1,1,0,1,0,1,1,0,1
113,2469.8154700378886,113,0.7348066298342542,181,133,1.0,3,1106,1,0,0,1,1,0,1,0,1,1,0,1
114,600.6703387029997,114,0.6298701298701299,154,97,1.0,3,1106,1,0,0,1,1,0,1,0,1,1,0,1
115,4310.062803647477,115,0.37158469945355194,183,68,3.4,1,2035,5,2,2,1,1,0,0,1,1,0,1,1
116,2625.313540562708,116,0.43023255813953487,172,74,3.4,1,2035,5,2,2,1,1,0,0,1,1,0,1,1
117,1745.9437730791124,117,0.6257309941520468,171,107,3.4,1,2035,5,2,2,1,1,0,0,1,1,0,1,1
118,1676.9186425649332,118,0.7183908045977011,174,125,2.7,3,1003,4,2,0,2,1,0,1,0,1,0,1,1
119,385.52045616154794,119,0.7292817679558011,181,132,2.7,3,1003,4,2,0,2,1,0,1,0,1,0,1,1
120,1193.9665276967987,120,0.6337209302325582,172,109,2.7,3,1003,4,2,0,2,1,0,1,0,1,0,1,1
121,3743.548722053596,121,0.25,180,45,1.7,1,2187,2,0,1,1,0,0,1,0,0,0,1,1
122,4128.06423569427,122,0.25,184,46,1.7,1,2187,2,0,1,1,0,0,1,0,0,0,1,1
123,4839.979517818196,123,0.19230769230769232,182,35,1.7,1,2187,2,0,1,1,0,0,1,0,0,0,1,1
124,207.81207964814166,124,0.34710743801652894,121,42,2.7,6,2848,4,2,2,0,1,0,1,0,1,0,1,1
125,2411.3938767892923,125,0.628099173553719,121,76,2.7,6,2848,4,2,2,0,1,0,1,0,1,0,1,1
126,2441.9853651399135,126,0.7951807228915663,166,132,3.1,3,1093,4,0,2,2,1,0,1,0,1,0,1,1
127,2320.116915756106,127,0.9130434782608695,184,168,3.1,3,1093,4,0,2,2,1,0,1,0,1,0,1,1
128,997.9745378932697,128,0.78125,192,150,3.1,3,1093,4,0,2,2,1,0,1,0,1,0,1,1
129,1581.1320659535336,129,0.6781609195402298,174,118,3.4,3,1093,5,2,1,2,0,0,1,0,0,0,0,1
130,356.81025655894905,130,0.7228915662650602,166,120,3.4,3,1093,5,2,1,2,0,0,1,0,0,0,0,1
131,1116.4286992889256,131,0.583732057416268,209,122,3.4,3,1093,5,2,1,2,0,0,1,0,0,0,0,1
132,5940.120755541956,132,0.47023809523809523,168,79,2.7,2,3550,4,2,1,1,1,0,1,0,1,0,1,1
133,429.6333886608404,133,0.653179190751445,173,113,2.7,2,3550,4,2,1,1,1,0,1,0,1,0,1,1
134,1752.9472874406742,134,0.5049019607843137,204,103,2.7,2,3550,4,2,1,1,1,0,1,0,1,0,1,1
135,1062.9590280066204,135,0.7094972067039106,179,127,2.2,3,1110,3,1,2,0,0,0,1,0,0,0,0,1
136,1953.5410714256473,136,0.6502732240437158,183,119,2.2,3,1110,3,1,2,0,0,0,1,0,0,0,0,1
137,589.3751287609912,137,0.6436170212765957,188,121,2.2,3,1110,3,1,2,0,0,0,1,0,0,0,0,1
138,819.2703298691579,138,0.803030303030303,132,106,1.7,1,2058,2,0,0,2,1,0,0,1,1,1,1,1
139,2322.407066842021,139,0.7479674796747967,123,92,1.7,1,2058,2,0,0,2,1,0,0,1,1,1,1,1
140,984.4184217604197,140,0.5757575757575758,66,38,1.7,1,2058,2,0,0,2,1,0,0,1,1,1,1,1
141,1519.0823541225343,141,0.4375,176,77,1.5,3,1110,2,1,1,0,1,0,0,1,1,0,1,1
142,213.82136964282847,142,0.38461538461538464,182,70,1.5,3,1110,2,1,1,0,1,0,0,1,1,0,1,1
143,1977.8188856130423,143,0.34911242603550297,169,59,1.5,3,1110,2,1,1,0,1,0,0,1,1,0,1,1
144,3464.628683874527,144,0.7252747252747253,182,132,1.7,1,2187,2,0,2,0,1,0,1,0,1,0,0,1
145,3939.760095567523,145,0.7209302325581395,172,124,1.7,1,2187,2,0,2,0,1,0,1,0,1,0,0,1
146,3450.9843939850844,146,0.8908045977011494,174,155,1.7,1,2187,2,0,2,0,1,0,1,0,1,0,0,1
147,3254.0249708582173,147,0.7267441860465116,172,125,3.2,3,1093,5,3,0,2,0,0,1,0,1,0,0,1
148,1663.1250025349868,148,0.6228571428571429,175,109,3.2,3,1093,5,3,0,2,0,0,1,0,1,0,0,1
149,1283.4839710639476,149,0.7237569060773481,181,131,3.2,3,1093,5,3,0,2,0,0,1,0,1,0,0,1
150,1180.351625418713,150,0.8165680473372781,169,138,2.2,4,426,3,1,0,2,0,0,1,0,1,0,0,1
151,335.39573944459954,151,0.7936507936507936,189,150,2.2,4,426,3,1,0,2,0,0,1,0,1,0,0,1
152,1519.2944869407497,152,0.5380116959064327,171,92,2.7,3,1170,4,2,1,1,1,0,0,1,1,0,0,1
153,1671.9266599513355,153,0.569060773480663,181,103,2.7,3,1170,4,2,1,1,1,0,0,1,1,0,0,1
154,1087.9194319264393,154,0.8218390804597702,174,143,2.7,3,1170,4,2,1,1,1,0,0,1,1,0,0,1
155,740.8475853710092,155,0.7608695652173914,92,70,1.7,4,426,2,0,1,1,1,0,0,1,1,0,1,1
156,424.60230121500945,156,0.6018518518518519,108,65,2.9,3,1170,4,1,1,2,1,0,0,1,1,0,1,1
157,4199.791767104709,157,0.7932960893854749,179,142,1.0,1,2058,1,0,0,1,1,0,1,0,1,1,1,1
158,2802.5878978859,158,0.7736842105263158,190,147,1.0,1,2058,1,0,0,1,1,0,1,0,1,1,1,1
159,2369.8555555078565,159,0.8045977011494253,174,140,1.0,1,2058,1,0,0,1,1,0,1,0,1,1,1,1
160,831.705379114672,160,0.6703296703296703,91,61,3.1,3,1093,4,0,2,2,1,0,0,1,1,0,0,1
161,527.485237495853,161,0.9021739130434783,92,83,3.1,3,1093,4,0,2,2,1,0,0,1,1,0,0,1
162,3788.6765399256283,162,0.3516949152542373,236,83,1.7,7,7374,2,0,2,0,1,0,0,1,1,0,1,1
163,4927.050113109923,163,0.19148936170212766,188,36,1.7,7,7374,2,0,2,0,1,0,0,1,1,0,1,1
164,8162.812995639276,164,0.4857142857142857,175,85,1.7,7,7374,2,0,2,0,1,0,0,1,1,0,1,1
165,200.49559142722487,165,0.28651685393258425,178,51,1.7,4,426,2,0,1,1,1,0,1,0,0,0,1,1
166,267.8786396781451,166,0.2222222222222222,180,40,1.7,4,426,2,0,1,1,1,0,1,0,0,0,1,1
167,662.4644468219497,167,0.17204301075268819,186,32,1.7,4,426,2,0,1,1,1,0,1,0,0,0,1,1
168,2975.21337246277,168,0.6067961165048543,206,125,2.4,1,2035,3,0,2,1,1,0,0,1,1,0,1,1
169,1738.8678521815389,169,0.5108695652173914,184,94,2.4,1,2035,3,0,2,1,1,0,0,1,1,0,1,1
170,2736.8762635359863,170,0.5170454545454546,176,91,2.4,1,2035,3,0,2,1,1,0,0,1,1,0,1,1
171,2879.8948192479975,171,0.7650273224043715,183,140,1.5,1,2294,2,1,1,0,1,1,0,1,1,0,1,1
172,3450.3172066803363,172,0.5357142857142857,112,60,1.5,1,2294,2,1,1,0,1,1,0,1,1,0,1,1
173,1784.8917568207346,173,0.7630057803468208,173,132,1.7,4,560,2,0,0,2,1,0,1,0,0,1,0,1
174,1125.507490412289,174,0.8586956521739131,184,158,1.7,4,560,2,0,0,2,1,0,1,0,0,1,0,1
175,1976.683955055274,175,0.30978260869565216,184,57,1.7,2,3640,2,0,2,0,1,0,0,1,1,0,0,1
176,2803.2217665660355,176,0.24864864864864866,185,46,1.7,2,3640,2,0,2,0,1,0,0,1,1,0,0,1
177,4862.0094154971885,177,0.40119760479041916,167,67,1.7,2,3640,2,0,2,0,1,0,0,1,1,0,0,1
178,928.8497972157079,178,0.7471264367816092,174,130,3.8,4,426,5,0,1,4,0,0,1,0,1,0,1,1
179,223.9673062056073,179,0.4486486486486487,185,83,3.8,4,426,5,0,1,4,0,0,1,0,1,0,1,1
180,1060.2519007754022,180,0.49740932642487046,193,96,3.8,4,426,5,0,1,4,0,0,1,0,1,0,1,1
181,2216.2339694864268,181,0.12299465240641712,187,23,2.7,1,1882,4,2,1,1,1,0,0,1,1,0,1,1
182,4566.412688169947,182,0.3651685393258427,178,65,2.7,1,1882,4,2,1,1,1,0,0,1,1,0,1,1
183,4960.608581324166,183,0.08379888268156424,179,15,2.7,1,1882,4,2,1,1,1,0,0,1,1,0,1,1
184,774.3707349845806,184,0.6417112299465241,187,120,2.2,3,1170,3,1,2,0,1,0,0,1,1,0,0,1
185,208.85698689391876,185,0.15027322404371585,366,55,1.0,4,564,1,0,1,0,0,0,0,1,0,0,0,1
186,1168.0341372062412,186,0.14246575342465753,365,52,1.0,4,564,1,0,1,0,0,0,0,1,0,0,0,1
187,912.8146969404293,187,0.46601941747572817,206,96,1.7,6,1587,2,0,0,2,1,1,1,0,1,1,0,1
188,2329.808079217655,188,0.45754716981132076,212,97,1.7,6,1587,2,0,0,2,1,1,1,0,1,1,0,1
189,942.2228600424239,189,0.6540880503144654,159,104,1.7,6,1587,2,0,0,2,1,1,1,0,1,1,0,1
190,853.6423437835989,190,0.32905982905982906,234,77,1.0,4,426,1,0,0,1,1,0,0,1,1,0,0,1
191,813.2073001757203,191,0.425414364640884,181,77,1.0,4,426,1,0,0,1,1,0,0,1,1,0,0,1
192,670.8124118484911,192,0.48633879781420764,183,89,1.0,4,426,1,0,0,1,1,0,0,1,1,0,0,1
193,3062.8446642569115,193,0.358695652173913,92,33,1.7,1,2058,2,0,0,2,1,0,0,1,1,1,1,1
194,5185.238969107986,194,0.29591836734693877,98,29,1.7,1,2058,2,0,0,2,1,0,0,1,1,1,1,1
195,4469.195379770632,195,0.265625,128,34,1.7,1,2058,2,0,0,2,1,0,0,1,1,1,1,1
196,592.5543765506293,196,0.8586956521739131,92,79,2.4,3,1106,3,0,1,2,1,0,1,0,0,1,0,1
197,708.1012223159019,197,1.3454545454545455,55,39,2.4,3,1106,3,0,1,2,1,0,1,0,0,1,0,1
198,2918.71668172225,198,0.3129251700680272,147,46,2.4,3,1106,3,0,1,2,1,0,1,0,0,1,0,1
199,5956.245566900886,199,0.30131004366812225,229,69,2.4,1,2067,3,0,2,1,0,0,1,0,0,0,0,1
200,3519.342358983532,200,0.42483660130718953,153,65,2.4,1,2067,3,0,2,1,0,0,1,0,0,0,0,1
201,646.7920270040839,201,0.32653061224489793,98,32,1.0,4,560,1,0,0,1,0,0,1,0,0,1,0,1
202,1110.8665704181956,202,0.34065934065934067,91,31,1.0,4,560,1,0,0,1,0,0,1,0,0,1,0,1
203,415.8611041816775,203,0.2890625,128,37,1.0,4,560,1,0,0,1,0,0,1,0,0,1,0,1
204,2052.363364004756,204,0.4666666666666667,210,98,1.5,3,1110,2,1,0,1,1,0,1,0,1,0,0,1
205,2091.880122088075,205,0.4056603773584906,212,86,1.5,3,1110,2,1,0,1,1,0,1,0,1,0,0,1
206,1584.3070898799297,206,0.6037735849056604,159,96,1.5,3,1110,2,1,0,1,1,0,1,0,1,0,0,1
207,965.7073897620645,207,0.6881720430107527,186,128,2.7,3,1093,4,2,1,1,1,0,0,1,1,0,1,1
208,1313.2266131902957,208,0.7202380952380952,168,121,2.7,3,1093,4,2,1,1,1,0,0,1,1,0,1,1
209,2504.5138542049754,209,0.8372093023255814,172,144,2.7,3,1093,4,2,1,1,1,0,0,1,1,0,1,1
210,1628.0791379601455,210,0.7900552486187845,181,143,1.7,3,1106,2,0,0,2,1,0,0,1,1,1,1,1
211,2056.1211304525195,211,0.7752808988764045,178,138,1.7,3,1106,2,0,0,2,1,0,0,1,1,1,1,1
212,2563.034519672984,212,0.8470588235294118,170,144,1.7,3,1106,2,0,0,2,1,0,0,1,1,1,1,1
213,1274.4866144196233,213,0.21022727272727273,176,37,3.2,3,1217,5,3,1,1,0,0,1,0,1,0,0,1
214,1941.8790096196058,214,0.15934065934065933,182,29,3.2,3,1217,5,3,1,1,0,0,1,0,1,0,0,1
215,1686.55999749468,215,0.29508196721311475,183,54,3.2,3,1217,5,3,1,1,0,0,1,0,1,0,0,1
216,732.5430902774203,216,0.2713178294573643,129,35,2.7,1,2035,4,2,1,1,1,0,1,0,1,0,1,1
217,1120.852717430999,217,0.24175824175824176,182,44,4.1,3,1093,6,2,1,3,1,0,0,1,1,0,1,1
218,967.0041384004721,218,0.5670103092783505,97,55,2.7,3,1093,4,2,1,1,1,0,0,1,1,0,1,1
219,726.32043397951,219,0.36065573770491804,61,22,2.7,3,1093,4,2,1,1,1,0,0,1,1,0,1,1
220,324.5676746650345,220,0.16393442622950818,61,10,2.7,3,1093,4,2,1,1,1,0,0,1,1,0,1,1
221,3608.1655937075648,221,0.10480349344978165,229,24,1.7,1,2187,2,0,2,0,1,0,0,1,1,0,1,1
222,3450.1582883802184,222,0.26262626262626265,198,52,1.7,1,2187,2,0,2,0,1,0,0,1,1,0,1,1
223,674.9828745990458,223,0.38922155688622756,167,65,1.7,1,2187,2,0,2,0,1,0,0,1,1,0,1,1
224,7498.831514796919,224,0.8134715025906736,193,157,3.8,2,3640,5,0,3,2,1,0,1,0,1,0,0,1
225,4756.287324669649,225,0.7470588235294118,170,127,3.8,2,3640,5,0,3,2,1,0,1,0,1,0,0,1
226,2145.5526410417488,226,0.5837837837837838,185,108,3.8,2,3640,5,0,3,2,1,0,1,0,1,0,0,1
227,3496.9014201030127,227,0.2925170068027211,147,43,3.7,3,1093,6,4,0,2,1,0,0,1,1,0,0,1
228,1099.712776447346,228,0.5737704918032787,61,35,3.7,3,1093,6,4,0,2,1,0,0,1,1,0,0,1
229,1382.991178486116,229,0.34545454545454546,55,19,3.7,3,1093,6,4,0,2,1,0,0,1,1,0,0,1
230,6404.733814770545,230,0.4811320754716981,212,102,2.4,2,3705,3,0,2,1,1,0,1,0,1,0,1,1
231,4138.327993758795,231,0.6556603773584906,212,139,2.4,2,3705,3,0,2,1,1,0,1,0,1,0,1,1
232,5176.561869061719,232,0.7581699346405228,153,116,2.4,2,3705,3,0,2,1,1,0,1,0,1,0,1,1
233,566.7129965609338,233,0.3046875,128,39,1.7,4,560,2,0,0,2,1,0,0,1,1,1,1,1
234,805.2152381234723,234,0.5081967213114754,61,31,1.7,4,560,2,0,0,2,1,0,0,1,1,1,1,1
235,709.3653503321359,235,0.21311475409836064,61,13,1.5,4,426,2,1,0,1,1,0,0,1,1,0,0,1
236,578.9056636980274,236,0.17721518987341772,79,14,1.5,4,426,2,1,0,1,1,0,0,1,1,0,0,1
237,295.57860188354596,237,0.19886363636363635,176,35,1.0,4,560,1,0,0,1,1,0,0,1,1,1,0,1
238,861.5091195713148,238,0.3103448275862069,174,54,1.0,4,560,1,0,0,1,1,0,0,1,1,1,0,1
239,586.2961840123093,239,0.6460674157303371,178,115,2.9,4,564,4,1,1,2,0,0,1,0,0,0,0,1
240,1595.0028454603957,240,0.554945054945055,182,101,2.9,4,564,4,1,1,2,0,0,1,0,0,0,0,1
241,1056.1054145052326,241,0.8285714285714286,210,174,2.4,3,1106,3,0,0,3,1,0,0,1,1,1,0,1
242,230.8655425032972,242,0.7415730337078652,178,132,2.4,3,1106,3,0,0,3,1,0,0,1,1,1,0,1
243,1035.767127243513,243,0.7681159420289855,345,265,2.4,3,1106,3,0,0,3,1,0,0,1,1,1,0,1
244,1835.0198052408855,244,0.7569444444444444,144,109,1.7,2,3569,2,0,1,1,1,0,0,1,1,0,1,1
245,3955.9268826032203,245,0.4647887323943662,213,99,1.7,2,3569,2,0,1,1,1,0,0,1,1,0,1,1
246,1370.5062792713125,246,0.8260869565217391,138,114,1.7,2,3569,2,0,1,1,1,0,0,1,1,0,1,1
247,6260.858482342477,247,0.7650273224043715,183,140,1.7,2,3705,2,0,2,0,1,0,0,1,1,0,1,1
248,2077.7592398057955,248,0.8626373626373627,182,157,1.7,2,3705,2,0,2,0,1,0,0,1,1,0,1,1
249,5894.706503619498,249,0.4918032786885246,183,90,1.7,2,3564,2,0,0,2,1,0,0,1,1,1,1,1
250,4965.12378136459,250,0.6428571428571429,182,117,1.7,2,3564,2,0,0,2,1,0,0,1,1,1,1,1
251,5779.640318577447,251,0.6153846153846154,182,112,1.7,2,3564,2,0,0,2,1,0,0,1,1,1,1,1
252,972.1937081539318,252,0.4143646408839779,181,75,2.0,3,1003,3,2,0,1,1,0,0,1,1,0,0,1
253,1685.9482034841724,253,0.6303317535545023,211,133,2.0,3,1003,3,2,0,1,1,0,0,1,1,0,0,1
254,1090.3486418577506,254,0.7484276729559748,159,119,2.0,3,1003,3,2,0,1,1,0,0,1,1,0,0,1
255,2007.2314383018788,255,0.7857142857142857,168,132,1.7,3,1003,2,0,0,2,1,0,0,1,1,0,1,1
256,1303.4884614118757,256,0.7777777777777778,189,147,1.7,3,1003,2,0,0,2,1,0,0,1,1,0,1,1
257,245.85309208349645,257,0.4098360655737705,183,75,1.7,3,1003,2,0,0,2,1,0,0,1,1,0,1,1
258,1199.0946401285787,258,0.7619047619047619,84,64,2.4,3,1106,3,0,0,3,1,0,0,1,1,1,1,1
259,2208.7816669239814,259,0.4673913043478261,92,43,2.4,3,1106,3,0,0,3,1,0,0,1,1,1,1,1
260,597.5382343424591,260,0.7666666666666667,60,46,2.4,3,1106,3,0,0,3,1,0,0,1,1,1,1,1
261,6314.212076752066,261,0.19428571428571428,175,34,2.0,2,3705,3,2,1,0,1,0,0,1,1,0,0,1
262,4270.028687032398,262,0.3275862068965517,174,57,2.0,2,3705,3,2,1,0,1,0,0,1,1,0,0,1
263,1839.7874746133948,263,0.1,130,13,2.0,2,3705,3,2,1,0,1,0,0,1,1,0,0,1
264,2897.0889253479554,264,0.4146341463414634,82,34,2.7,2,3640,4,2,2,0,1,1,1,0,1,0,1,1
265,5826.078158747338,265,0.30612244897959184,98,30,2.7,2,3640,4,2,2,0,1,1,1,0,1,0,1,1
266,962.5850618464792,266,0.296875,128,38,2.7,2,3640,4,2,2,0,1,1,1,0,1,0,1,1
267,3400.172712341452,267,0.6063348416289592,221,134,3.4,3,1003,5,2,3,0,1,0,0,1,1,0,1,1
268,552.0400536971758,268,0.7847222222222222,144,113,3.4,3,1003,5,2,3,0,1,0,0,1,1,0,1,1
269,917.2126052863655,269,0.5384615384615384,182,98,3.4,3,1003,5,2,3,0,1,0,0,1,1,0,1,1
270,3964.2083100190634,270,0.515,200,103,2.7,2,3705,4,2,1,1,0,0,1,0,1,0,1,1
271,8344.687049499411,271,0.7616279069767442,172,131,2.7,2,3705,4,2,1,1,0,0,1,0,1,0,1,1
272,3375.6333244236325,272,0.4861111111111111,72,35,2.7,2,3705,4,2,1,1,0,0,1,0,1,0,1,1
273,596.0341314971,273,0.5138121546961326,181,93,1.0,4,426,1,0,0,1,1,0,1,0,0,0,0,1
274,1035.0896464540342,274,0.5862068965517241,174,102,1.0,4,426,1,0,0,1,1,0,1,0,0,0,0,1
275,1351.9916543683923,275,0.7085714285714285,175,124,3.1,3,1106,4,0,1,3,0,0,1,0,0,1,0,1
276,1793.3379636829775,276,0.6421052631578947,190,122,3.1,3,1106,4,0,1,3,0,0,1,0,0,1,0,1
277,1649.5481582454581,277,0.6502732240437158,183,119,3.1,3,1106,4,0,1,3,0,0,1,0,0,1,0,1
278,1641.0381644417962,278,0.4666666666666667,210,98,1.7,1,2187,2,0,2,0,1,0,0,1,1,0,1,1
279,1132.054562274336,279,0.7569444444444444,144,109,1.7,1,2187,2,0,2,0,1,0,0,1,1,0,1,1
280,3250.3867459890116,280,0.8297872340425532,141,117,1.7,1,2187,2,0,2,0,1,0,0,1,1,0,1,1
281,2113.22511700258,281,0.2231404958677686,121,27,3.6,2,3569,5,1,1,3,0,0,1,0,0,0,1,1
282,5846.587335877641,282,0.2079207920792079,101,21,3.6,2,3569,5,1,1,3,0,0,1,0,0,0,1,1
283,2796.673931867689,283,0.18041237113402062,194,35,3.4,5,1587,5,2,0,3,1,0,1,0,1,1,1,1
284,2528.553706787763,284,0.8245614035087719,171,141,3.4,5,1587,5,2,0,3,1,0,1,0,1,1,1,1
285,3362.3577223449083,285,0.2962962962962963,189,56,3.4,5,1587,5,2,0,3,1,0,1,0,1,1,1,1
286,363.3415721415361,286,0.6046511627906976,172,104,2.2,4,426,3,1,0,2,1,0,1,0,1,0,1,1
287,808.5232957154401,287,0.1878453038674033,181,34,2.4,4,593,3,0,2,1,1,0,0,1,1,0,1,1
288,1223.0649810716377,288,0.3241758241758242,182,59,2.4,4,593,3,0,2,1,1,0,0,1,1,0,1,1
289,765.4509154545281,289,0.2972972972972973,185,55,2.4,4,593,3,0,2,1,1,0,0,1,1,0,1,1
290,3241.602567106255,290,0.7071823204419889,181,128,3.8,6,1587,5,0,0,5,1,0,1,0,1,1,1,1
291,2278.9276210455178,291,0.9135135135135135,185,169,3.8,6,1587,5,0,0,5,1,0,1,0,1,1,1,1
292,1233.1783823591284,292,0.6987951807228916,166,116,3.8,6,1587,5,0,0,5,1,0,1,0,1,1,1,1
293,326.28569411977895,293,0.6703296703296703,182,122,2.2,4,426,3,1,0,2,1,0,0,1,1,0,1,1
294,3497.551693202394,294,0.6882352941176471,170,117,1.0,1,2294,1,0,1,0,1,0,0,1,1,0,1,1
295,2468.39887583749,295,0.7754010695187166,187,145,1.0,1,2294,1,0,1,0,1,0,0,1,1,0,1,1
296,6502.632234153196,296,0.5691489361702128,188,107,1.7,5,4603,2,0,2,0,1,0,0,1,1,0,0,1
297,1742.767618203423,297,0.43956043956043955,182,80,1.7,5,4603,2,0,2,0,1,0,0,1,1,0,0,1
298,1850.33925434941,298,0.519774011299435,177,92,1.7,5,4603,2,0,2,0,1,0,0,1,1,0,0,1
299,1837.7512680680552,299,0.17647058823529413,187,33,1.0,3,1106,1,0,0,1,1,0,0,1,1,1,0,1
300,2292.162428996067,300,0.23497267759562843,183,43,1.0,3,1106,1,0,0,1,1,0,0,1,1,1,0,1
301,400.9188563621823,301,0.2857142857142857,175,50,1.0,3,1106,1,0,0,1,1,0,0,1,1,1,0,1
302,582.9561452586037,302,0.5773195876288659,194,112,1.0,4,426,1,0,0,1,1,0,0,1,1,0,1,1
303,304.1192206347952,303,0.4943820224719101,178,88,1.0,4,426,1,0,0,1,1,0,0,1,1,0,1,1
304,404.40485626224455,304,0.8208092485549133,173,142,1.0,4,426,1,0,0,1,1,0,0,1,1,0,1,1
305,1439.6378092716348,305,0.6265060240963856,83,52,1.0,4,560,1,0,0,1,1,0,0,1,1,1,1,1
306,1197.562906094102,306,0.9761904761904762,84,82,1.0,4,560,1,0,0,1,1,0,0,1,1,1,1,1
307,7544.837511750642,307,0.8913043478260869,184,164,1.7,7,5765,2,0,0,2,1,1,1,0,1,1,1,1
308,5870.168505377214,308,0.6298342541436464,181,114,1.7,7,5765,2,0,0,2,1,1,1,0,1,1,1,1
309,10906.94490954623,309,0.9212121212121213,165,152,1.7,7,5765,2,0,1,1,1,0,0,1,1,1,1,1
310,2723.584871948553,310,0.3112244897959184,196,61,1.7,7,5765,2,0,1,1,1,0,0,1,1,1,1,1
311,2546.987729623552,311,0.7329545454545454,176,129,1.7,7,5765,2,0,1,1,1,0,0,1,1,1,1,1
312,1951.3393690724436,312,0.6304347826086957,184,116,2.4,6,1419,3,0,2,1,1,0,1,0,1,0,0,1
313,2356.104169901068,313,0.5815217391304348,184,107,2.4,6,1419,3,0,2,1,1,0,1,0,1,0,0,1
314,1900.816414074767,314,0.6684491978609626,187,125,2.4,6,1419,3,0,2,1,1,0,1,0,1,0,0,1
315,4915.393401302679,315,0.7043010752688172,186,131,1.7,2,3705,2,0,1,1,1,0,0,1,1,0,0,1
316,3733.9295631475657,316,0.7431693989071039,183,136,1.7,2,3705,2,0,1,1,1,0,0,1,1,0,0,1
317,10740.477645122875,317,0.8011049723756906,181,145,1.7,2,3705,2,0,1,1,1,0,0,1,1,0,0,1
318,2378.2577510089745,318,0.7070063694267515,157,111,1.7,3,1106,2,0,0,2,1,0,0,1,1,1,1,1
319,622.5991382746109,319,0.7415730337078652,178,132,1.7,3,1106,2,0,0,2,1,0,0,1,1,1,1,1
320,879.6309061180638,320,0.5333333333333333,210,112,1.7,3,1106,2,0,0,2,1,0,0,1,1,1,1,1
321,319.96016504969595,321,0.9896907216494846,97,96,1.7,4,426,2,0,0,2,1,0,1,0,0,0,0,1
322,430.0550615982616,322,0.5714285714285714,91,52,1.7,4,426,2,0,0,2,1,0,1,0,0,0,0,1
323,737.5211938569707,323,0.8656716417910447,67,58,1.7,4,426,2,0,0,2,1,0,1,0,0,0,0,1
324,567.5023265487114,324,0.5714285714285714,210,120,2.5,3,1003,4,3,0,1,0,0,1,0,0,0,0,1
325,1348.701083824703,325,0.732484076433121,157,115,2.5,3,1003,4,3,0,1,0,0,1,0,0,0,0,1
326,1310.4833192236076,326,0.5053763440860215,186,94,2.5,3,1003,4,3,0,1,0,0,1,0,0,0,0,1
327,644.4155960535261,327,0.8125,176,143,2.2,3,1093,3,1,1,1,1,0,1,0,1,0,0,1
328,1820.4241550482304,328,0.7405405405405405,185,137,2.2,3,1093,3,1,1,1,1,0,1,0,1,0,0,1
329,1569.0668986884582,329,0.7333333333333333,165,121,2.2,3,1093,3,1,1,1,1,0,1,0,1,0,0,1
330,1032.171769051881,330,0.37777777777777777,180,68,3.4,3,1093,5,2,1,2,1,0,0,1,1,0,0,1
331,1969.2522798845575,331,0.5901639344262295,183,108,3.4,3,1093,5,2,1,2,1,0,0,1,1,0,0,1
332,1082.0523704033963,332,0.391304347826087,184,72,4.1,3,1093,6,2,0,4,1,0,0,1,1,0,1,1
333,1546.0630042147684,333,0.6444444444444445,180,116,4.1,3,1093,6,2,0,4,1,0,0,1,1,0,1,1
334,2386.3041656779415,334,0.4057142857142857,175,71,4.1,3,1093,6,2,0,4,1,0,0,1,1,0,1,1
335,1249.548988358813,335,0.7374301675977654,179,132,2.9,3,1093,4,1,2,1,1,0,1,0,1,0,1,1
336,465.22663506332924,336,0.7444444444444445,180,134,2.9,3,1093,4,1,2,1,1,0,0,1,1,0,1,1
337,1171.4366696539896,337,0.6927374301675978,179,124,2.9,3,1093,4,1,2,1,1,0,1,0,1,0,1,1
338,1559.919012321528,338,0.44623655913978494,186,83,1.7,1,2187,2,0,1,1,1,0,0,1,1,0,1,1
339,557.3857611346684,339,0.4117647058823529,187,77,1.7,1,2187,2,0,1,1,1,0,0,1,1,0,1,1
340,4033.9604264896298,340,0.5454545454545454,176,96,1.7,1,2187,2,0,1,1,1,0,0,1,1,0,1,1
341,8379.284026036616,341,0.7164948453608248,194,139,1.7,2,3564,2,0,0,2,1,0,0,1,1,1,1,1
342,4227.432439952631,342,0.7409326424870466,193,143,1.7,2,3564,2,0,0,2,1,0,0,1,1,1,1,1
343,7079.022344957351,343,0.9403973509933775,151,142,1.7,2,3564,2,0,0,2,1,0,0,1,1,1,1,1
344,472.83363581020035,344,0.572139303482587,201,115,3.1,3,1106,4,0,1,3,1,0,1,0,1,1,1,1
345,1916.067222284487,345,0.7204968944099379,161,116,3.1,3,1106,4,0,1,3,1,0,1,0,1,1,1,1
346,1393.508740178354,346,0.6888888888888889,180,124,3.1,3,1106,4,0,1,3,1,0,1,0,1,1,1,1
347,1749.3801017087958,347,0.6593406593406593,182,120,2.2,3,1217,3,1,1,1,0,1,1,0,0,0,0,1
348,481.1174022889959,348,0.7666666666666667,180,138,2.2,3,1217,3,1,1,1,0,1,1,0,0,0,0,1
349,1609.8067235370913,349,0.6724137931034483,174,117,2.2,3,1217,3,1,1,1,0,1,1,0,0,0,0,1
350,588.3158219543541,350,0.6815642458100558,179,122,2.4,3,1093,3,0,1,2,1,0,1,0,1,0,0,1
351,2522.4944993973413,351,0.7966101694915254,177,141,2.4,3,1093,3,0,1,2,1,0,1,0,1,0,0,1
352,1440.7090032470549,352,0.696969696969697,165,115,2.4,3,1093,3,0,1,2,1,0,1,0,1,0,0,1
353,4007.4801004475225,353,0.4426229508196721,183,81,2.7,1,2187,4,2,2,0,1,0,0,1,1,0,0,1
354,1217.9087389444958,354,0.52,175,91,2.7,1,2187,4,2,2,0,1,0,0,1,1,0,0,1
355,2752.726622887267,355,0.4708994708994709,189,89,1.7,1,2067,2,0,1,1,1,0,0,1,1,0,1,1
356,1648.0559692558204,356,0.6892655367231638,177,122,1.7,1,2067,2,0,1,1,1,0,0,1,1,0,1,1
357,1628.194884115319,357,0.5608465608465608,189,106,1.7,1,2067,2,0,1,1,1,0,0,1,1,0,1,1
358,7928.991604225052,358,0.5675675675675675,185,105,3.1,7,7374,4,0,2,2,1,1,1,0,1,0,1,1
359,22365.185055534963,359,0.6428571428571429,182,117,3.1,7,7374,4,0,2,2,1,1,1,0,1,0,1,1
360,12146.997571829961,360,0.6914893617021277,188,130,3.1,7,7374,4,0,2,2,1,1,1,0,1,0,1,1
361,522.9395068772142,361,0.7222222222222222,162,117,1.7,2,3564,2,0,0,2,0,0,1,0,0,1,1,1
362,1592.3125568513055,362,0.46524064171123,187,87,1.7,2,3564,2,0,0,2,0,0,1,0,0,1,1,1
363,2225.37697340752,363,0.5283018867924528,212,112,1.7,2,3564,2,0,0,2,0,0,1,0,0,1,1,1
364,5295.773900265356,364,0.6534296028880866,277,181,1.7,2,3705,2,0,2,0,1,0,0,1,1,0,0,1
365,8837.053372259386,365,0.6018099547511312,221,133,1.7,2,3705,2,0,2,0,1,0,0,1,1,0,0,1
366,2195.1491353209103,366,0.6532258064516129,124,81,1.7,2,3705,2,0,2,0,1,0,0,1,1,0,0,1
367,1779.243416057432,367,0.5494505494505495,182,100,2.7,2,3640,4,2,2,0,1,0,0,1,1,0,0,1
368,3980.806086239935,368,0.726775956284153,183,133,2.7,2,3640,4,2,2,0,1,0,0,1,1,0,0,1
369,3184.512497628487,369,0.7333333333333333,180,132,2.7,2,3640,4,2,2,0,1,0,0,1,1,0,0,1
370,678.677102350341,370,0.5081081081081081,185,94,1.5,4,548,2,1,1,0,0,0,1,0,0,0,0,1
371,1176.1208840375568,371,0.6075268817204301,186,113,1.5,4,548,2,1,1,0,0,0,1,0,0,0,0,1
372,414.0173551858501,372,0.6910112359550562,178,123,1.5,4,548,2,1,1,0,0,0,1,0,0,0,0,1
373,569.1703154237348,373,0.8390804597701149,174,146,1.5,4,426,2,1,0,1,0,0,0,1,1,0,0,1
374,214.83069494451203,374,0.6793478260869565,184,125,1.5,4,426,2,1,0,1,0,0,0,1,1,0,0,1
375,668.7516920993336,375,0.916256157635468,203,186,1.5,4,426,2,1,0,1,0,0,0,1,1,0,0,1
376,1666.42071936067,376,0.4371584699453552,183,80,1.7,3,1093,2,0,2,0,0,0,1,0,0,0,0,1
377,5824.336101002486,377,0.6721311475409836,183,123,2.7,6,1651,4,2,2,0,1,1,1,0,1,0,1,1
378,2341.7360265890607,378,0.6610169491525424,177,117,2.7,6,1651,4,2,2,0,1,1,1,0,1,0,1,1
379,2540.708919037284,379,0.7597765363128491,179,136,2.7,6,1651,4,2,2,0,1,1,1,0,1,0,1,1
380,2274.9336362875647,380,0.5102040816326531,196,100,1.7,6,1587,2,0,1,1,0,0,0,1,0,1,0,1
381,2783.8191923463355,381,0.575,40,23,1.7,6,1587,2,0,1,1,0,0,1,0,0,1,0,1
382,1643.6011085337962,382,0.6505376344086021,186,121,1.7,6,1587,2,0,1,1,0,0,0,1,0,1,0,1
383,7492.261937595204,383,0.539906103286385,213,115,2.7,2,3564,4,2,0,2,1,0,0,1,1,1,1,1
384,4387.003759380541,384,0.6053811659192825,223,135,2.7,2,3564,4,2,0,2,1,0,0,1,1,1,1,1
385,3494.781640526374,385,0.7793103448275862,145,113,2.7,2,3564,4,2,0,2,1,0,0,1,1,1,1,1
386,628.0760983269714,386,0.42328042328042326,189,80,2.2,3,1150,3,1,1,1,1,1,1,0,1,0,0,1
387,997.6336212015128,387,0.603448275862069,174,105,2.2,3,1150,3,1,1,1,1,1,1,0,1,0,0,1
388,2683.877744784963,388,0.3597560975609756,164,59,2.2,3,1150,3,1,1,1,1,1,1,0,1,0,0,1
389,2351.799467725922,389,0.6744186046511628,129,87,1.0,3,1110,1,0,0,1,0,0,1,0,0,0,0,1
390,1338.2937749425569,390,0.39669421487603307,121,48,1.0,3,1110,1,0,0,1,0,0,1,0,0,0,0,1
391,2779.5185855291425,391,0.42073170731707316,164,69,1.7,2,3640,2,0,2,0,0,0,1,0,0,0,0,1
392,293.5695317670114,392,0.3641304347826087,184,67,3.0,3,1003,5,4,0,1,0,0,1,0,0,0,0,1
393,1165.7625379090211,393,0.30131004366812225,229,69,3.0,3,1003,5,4,0,1,0,0,1,0,0,0,0,1
394,3012.7261296568186,394,0.5085714285714286,175,89,1.0,1,2058,1,0,0,1,1,0,0,1,1,1,1,1
395,2092.7714143112403,395,0.580110497237569,181,105,1.0,1,2058,1,0,0,1,1,0,0,1,1,1,1,1
396,1004.7734347191317,396,0.5470588235294118,170,93,1.0,1,2058,1,0,0,1,1,0,0,1,1,1,1,1
397,1306.7809995083612,397,0.732484076433121,157,115,1.0,3,1110,1,0,1,0,0,1,1,0,0,0,0,1
398,1031.7092168412594,398,0.5048076923076923,208,105,1.0,3,1110,1,0,1,0,0,1,1,0,0,0,0,1
399,1212.670616348998,399,0.6038461538461538,260,157,1.0,3,1110,1,0,1,0,0,1,1,0,0,0,0,1
400,3855.7577887917605,400,0.5045871559633027,218,110,2.9,1,2187,4,1,1,2,1,0,0,1,1,0,0,1
401,4475.970438702412,401,0.7391304347826086,161,119,2.9,1,2187,4,1,1,2,1,0,0,1,1,0,0,1
402,2114.70730099805,402,0.5142857142857142,210,108,2.9,1,2187,4,1,1,2,1,0,0,1,1,0,0,1
403,3729.9108216864342,403,0.5394736842105263,228,123,2.7,1,2294,4,2,2,0,1,0,1,0,0,0,0,1
404,2285.2195766911577,404,0.4371584699453552,183,80,2.7,1,2294,4,2,2,0,1,0,1,0,0,0,0,1
405,4047.9337085618454,405,0.75177304964539,141,106,2.7,1,2294,4,2,2,0,1,0,1,0,0,0,0,1
406,503.9926238273998,406,0.5463917525773195,194,106,1.5,3,1110,2,1,0,1,0,0,1,0,0,0,0,1
407,2015.729895087809,407,0.7011494252873564,174,122,1.5,3,1110,2,1,0,1,0,0,1,0,0,0,0,1
408,372.17905663895124,408,0.7371428571428571,175,129,1.5,3,1110,2,1,0,1,0,0,1,0,0,0,0,1
409,631.9558151014994,409,0.7954545454545454,176,140,1.0,4,426,1,0,0,1,0,0,1,0,0,0,0,1
410,834.4146203990465,410,0.8142076502732241,183,149,1.0,4,426,1,0,0,1,0,0,1,0,0,0,0,1
411,288.35975251377715,411,0.827027027027027,185,153,1.0,4,426,1,0,0,1,0,0,1,0,0,0,0,1
412,1041.345825663288,412,0.5054347826086957,184,93,3.9,3,1093,6,3,1,2,1,0,0,1,1,0,1,1
413,297.13985530317314,413,0.5084745762711864,177,90,3.9,3,1093,6,3,1,2,1,0,0,1,1,0,1,1
414,777.5048021147378,414,0.5476190476190477,168,92,3.9,3,1093,6,3,1,2,1,0,0,1,1,0,1,1
415,1548.3944376886598,415,0.7591623036649214,191,145,1.7,1,2067,2,0,2,0,0,0,1,0,0,0,0,1
416,917.1359622845143,416,0.44919786096256686,187,84,1.7,1,2067,2,0,2,0,0,0,1,0,0,0,0,1
417,2329.2044605608457,417,0.5142857142857142,175,90,3.7,7,6149,6,4,2,0,1,0,0,1,1,0,1,1
418,6833.568257317542,418,0.5081081081081081,185,94,3.7,7,6149,6,4,2,0,1,0,0,1,1,0,1,1
419,3020.290209175093,419,0.5384615384615384,169,91,3.7,7,6149,6,4,2,0,1,0,0,1,1,0,1,1
420,1596.7595220699911,420,0.6330275229357798,109,69,2.4,3,1093,3,0,2,1,1,0,0,1,1,0,1,1
421,1155.4254311120787,421,0.7613636363636364,352,268,2.7,1,2187,4,2,1,1,1,0,0,1,1,0,1,1
422,1676.9213814637953,422,0.7401129943502824,177,131,2.7,1,2187,4,2,1,1,1,0,0,1,1,0,1,1
423,1934.9293143699615,423,0.6082191780821918,365,222,1.7,3,1106,2,0,0,2,1,0,1,0,1,1,1,1
424,536.4419982743586,424,0.6519337016574586,181,118,1.7,3,1106,2,0,0,2,1,0,1,0,1,1,1,1
425,1896.5521034103128,425,0.6,190,114,1.7,3,1106,2,0,0,2,1,0,1,0,1,1,1,1
426,894.6157664436278,426,0.6157894736842106,190,117,1.7,4,560,2,0,1,1,1,0,0,1,1,1,1,1
427,1206.6411641203754,427,0.5,186,93,1.7,4,560,2,0,1,1,1,0,0,1,1,1,1,1
428,839.7525826721408,428,0.6795580110497238,181,123,1.7,4,560,2,0,1,1,1,0,0,1,1,1,1,1
429,2050.8038245194152,429,0.6868131868131868,182,125,3.6,5,1419,5,1,3,1,1,0,0,1,1,0,1,1
430,749.2638131603733,430,0.7967032967032966,182,145,3.6,5,1419,5,1,3,1,1,0,0,1,1,0,1,1
431,2716.324136393695,431,0.46261682242990654,214,99,5.5,1,1882,8,2,1,5,1,0,0,1,1,0,1,1
432,1761.3764723354318,432,0.6261261261261262,222,139,5.5,1,1882,8,2,1,5,1,0,0,1,1,0,1,1
433,1603.7443678414434,433,0.7517241379310344,145,109,5.5,1,1882,8,2,1,5,1,0,0,1,1,0,1,1
434,6638.98000331416,434,0.5104166666666666,192,98,1.7,7,7374,2,0,1,1,0,0,1,0,0,0,0,1
435,520.239887659236,435,0.43478260869565216,184,80,1.7,7,7374,2,0,1,1,0,0,1,0,0,0,0,1
436,1093.818391440831,436,0.7314285714285714,175,128,1.7,7,7374,2,0,1,1,0,0,1,0,0,0,0,1
437,1215.976795053152,437,0.16751269035532995,197,33,2.0,3,1110,3,2,0,1,1,0,1,0,1,0,0,1
438,2208.857574098126,438,0.3202247191011236,178,57,2.0,3,1110,3,2,0,1,1,0,1,0,1,0,0,1
439,1553.3436778575538,439,0.14450867052023122,173,25,2.0,3,1110,3,2,0,1,1,0,1,0,1,0,0,1
440,744.6639187431721,440,0.7294117647058823,170,124,1.7,3,1106,2,0,0,2,0,0,1,0,1,1,0,1
441,1219.852635575934,441,0.4514285714285714,175,79,1.7,3,1106,2,0,0,2,0,0,1,0,1,1,0,1
442,2142.067343160178,442,0.19576719576719576,189,37,2.7,3,1093,4,2,1,1,1,0,0,1,1,0,1,1
443,1593.3320683441784,443,0.3114754098360656,183,57,2.7,3,1093,4,2,1,1,1,0,0,1,1,0,1,1
444,3311.9960285022416,444,0.7267441860465116,172,125,3.2,1,2294,5,3,2,0,0,0,1,0,0,0,1,1
445,6293.569891245923,445,0.5128205128205128,195,100,3.2,1,2294,5,3,2,0,0,0,1,0,0,0,1,1
446,2811.1416404031684,446,0.4521276595744681,188,85,3.2,1,2294,5,3,2,0,0,0,1,0,0,0,1,1
447,2337.762065321784,447,0.9230769230769231,182,168,1.7,6,4603,2,0,2,0,1,1,0,1,1,0,1,1
448,4399.354757529327,448,0.6703910614525139,179,120,1.7,6,4603,2,0,2,0,1,1,0,1,1,0,1,1
449,218.7120631580783,449,0.6351351351351351,74,47,1.7,6,4603,2,0,2,0,1,1,0,1,1,0,1,1
450,1159.8110920004115,450,0.6127450980392157,204,125,2.7,1,2035,4,2,1,1,0,0,1,0,0,0,0,1
451,3218.388137675114,451,0.5235602094240838,191,100,2.7,1,2035,4,2,1,1,0,0,1,0,0,0,0,1
452,425.9476579572929,452,0.691358024691358,162,112,2.7,1,2035,4,2,1,1,0,0,1,0,0,0,0,1
453,486.3368477867958,453,0.7361963190184049,163,120,2.2,4,426,3,1,0,2,0,0,1,0,0,0,0,1
454,419.46889447179774,454,0.6797752808988764,178,121,2.2,4,426,3,1,0,2,0,0,1,0,0,0,0,1
455,244.7496123360338,455,0.4276315789473684,152,65,2.2,4,426,3,1,0,2,0,0,1,0,0,0,0,1
456,373.2173889576632,456,0.6296296296296297,216,136,1.0,4,426,1,0,0,1,1,0,1,0,1,0,1,1
457,391.7741175151226,457,0.6774193548387096,155,105,1.0,4,426,1,0,0,1,1,0,1,0,1,0,1,1
458,398.93851636007037,458,0.5405405405405406,185,100,1.0,4,426,1,0,0,1,1,0,1,0,1,0,1,1
