menage,assaini,revenu_net_mois,c_m3_trim_1,c_m3_trim_2,c_ibt,c_ibt_pp,c_tbse,consom_nordin_trim,consom_taylor_trim,c_captive_jour,c_nordin_jour,c_taylor_jour,ln_c_captive_jour,ln_c_nordin_jour,ln_c_taylor_jour,sur_consommation_pct
1,0,226.88,14.971375149653138,13.534350885107655,21.53931805619997,19.994084678522395,24.072555130207355,19.994084678522395,22.92428489367148,0.16634861277392377,0.2221564964280266,0.25471427659634976,2.706140054576903,-1.504373206597566,-1.3676128459710306,13.67603606265353
2,0,840.21,15.279185355240434,13.534350885107655,29.84595152586512,28.340031258031424,34.54340040592057,28.340031258031424,31.06254240393463,0.16976872616933816,0.31488923620034914,0.3451393600437181,2.726491467869493,-1.1555343331032217,-1.0638070013577416,9.172733174548009
3,0,1756.37,16.401066255290022,13.534350885107655,35.77986191125861,32.48315417963113,44.69800491265994,32.48315417963113,39.03364132983195,0.18223406950322246,0.3609239353292348,0.4337071258870217,2.797346348283197,-1.0190880483099536,-0.8353857978238196,18.3702250486134
7,0,6463.65,18.446576681729365,12.091712698482599,53.63111886102195,50.559946530378596,69.74638675284955,50.559946530378596,56.18197003860884,0.20496196313032627,0.5617771836708733,0.6242441115400982,2.914878807565077,-0.5766499780401141,-0.47121378272201336,10.543619531810073
8,0,10383.06,15.28087352012928,12.091712698482599,50.25497801609474,47.14656573293266,65.06054843857098,47.14656573293266,52.888930515257364,0.169787483556992,0.5238507303659184,0.5876547835028596,2.7266019496521,-0.6465485009569356,-0.5316156063821887,11.493289457474686
9,0,6181.21,15.401168665680244,12.091712698482599,44.90778591666941,41.74452675947335,57.58325081738789,41.74452675947335,47.69773287112265,0.17112409628533604,0.4638280751052595,0.5299748096791406,2.734443393922116,-0.768241323208654,-0.6349258024727857,13.331552073586828
10,0,1386.25,18.821713625663847,16.86483970153737,38.37302039768466,35.14658830372807,48.31860203550515,35.14658830372807,41.42897402185862,0.20913015139626495,0.39051764781920084,0.46032193357620693,2.935011183448032,-0.9402821178446884,-0.7758291786832746,16.44529391614138
11,0,1468.35,20.373859921700756,16.86483970153737,41.758691475996116,38.593061080640865,53.06965458840838,38.593061080640865,44.63450935226012,0.22637622135223062,0.4288117897848985,0.4959389928028902,3.014252702798247,-0.846737174769336,-0.7013023582034005,14.54348165659355
12,0,6239.0,19.365104744461668,16.86483970153737,55.66461279756949,52.61078596539844,72.57304447451008,52.61078596539844,58.17467209313448,0.21516783049401852,0.5845642885044271,0.646385245479272,2.9634727219095707,-0.5368885152313898,-0.43635959771758054,10.052891751380926
13,0,3087.86,12.840314111094681,9.70382674009389,32.950199571807346,30.0,40.33496144552179,30.0,35.97852811555621,0.1426701567899409,0.3333333333333333,0.3997614235061801,2.552589761443483,-1.0986122886681098,-0.916887351050536,18.17249376175738
14,0,2364.38,12.246439591162636,9.70382674009389,30.850618549357996,29.428187801170232,35.971417821771674,29.428187801170232,32.15709417791497,0.13607155101291818,0.32697986445744703,0.35730104642127747,2.5052352491257355,-1.11785668656353,-1.0291765852661086,8.868010129742142
15,0,6052.22,11.513935137151512,9.70382674009389,34.40416562694271,31.044383432960156,42.82236677021514,31.044383432960156,37.8107574113756,0.1279326126350168,0.3449375936995573,0.4201195267930622,2.443558052848095,-1.0643917661403237,-0.8672160205895645,19.717574555075924
16,0,1616.07,17.898180305602338,13.534350885107655,37.964330418748254,34.72150673416695,47.76380307866297,34.72150673416695,41.054595904883264,0.1988686700622482,0.38579451926852165,0.4561621767209252,2.8846990487741953,-0.9524503847583278,-0.7849068819926881,16.75435027656397
17,0,4208.71,17.52667689732007,13.534350885107655,46.29842554274895,43.15990577919028,59.50849305253522,43.15990577919028,49.03385136740825,0.19474085441466743,0.4795545086576698,0.5448205707489806,2.863724114352744,-0.7348977130013266,-0.6072987665098455,12.759894649148107
18,0,3975.7,17.62849589978094,13.534350885107655,45.939806801156706,42.79808150898994,59.00466590349995,42.79808150898994,48.685956642741736,0.19587217666423268,0.4755342389887771,0.5409550738082415,2.8695166779535266,-0.7433163933034742,-0.6144190464522206,12.889734685125365
22,0,7820.79,20.972896550300394,16.86483970153737,63.1969657712164,60.0,83.17719628769856,60.0,65.71769492182739,0.2330321838922266,0.6666666666666666,0.7301966102425266,3.0432309636678125,-0.40546510810816444,-0.31444145200291973,9.10236561052447
23,0,17616.7,20.16870332453998,16.86483970153737,70.26554132485005,61.9208616340598,98.02030909001515,61.9208616340598,76.658283510162,0.2240967036059998,0.6880095737117755,0.8517587056684666,3.004132062568911,-0.3739525258668665,-0.16045200157346276,21.350052429340373
24,0,7899.18,20.33338122236648,16.86483970153737,61.61964259928809,58.59384015425534,80.84264614675591,58.59384015425534,64.02715960763757,0.2259264580262942,0.6510426683806149,0.7114128845293064,3.0122639307007795,-0.4291800960940397,-0.3405023081202581,8.867778797378156
25,0,2662.42,29.849222682711467,21.014884317171944,66.27545276996005,60.0,90.33442173000304,60.0,71.41544721621175,0.3316580298079052,0.6666666666666666,0.7935049690690194,3.396158798719359,-0.40546510810816444,-0.23129547681849533,17.416963128966913
26,0,1757.11,27.87628753230375,21.014884317171944,58.202344436354146,55.216201314119864,75.97961677096914,55.216201314119864,60.62609280774774,0.3097365281367083,0.6135133479346652,0.6736232534194193,3.3277764182132668,-0.48855325804313243,-0.39508429554027064,9.34689625028618
27,0,1829.62,25.5992818152743,21.014884317171944,54.24162215364808,51.21890203655203,70.48877435249243,51.21890203655203,56.741981558132714,0.2844364646141589,0.5690989115172448,0.6304664617570301,3.2425642970011457,-0.5637010260137127,-0.46129531808152896,10.240570793218378
28,0,498.93,24.723855045935267,18.304438453658378,38.965859902038694,35.8505883203755,48.90373420581808,35.8505883203755,41.883448273454,0.27470950051039184,0.39833987022639444,0.4653716474828222,3.2077685688909576,-0.9204496928090931,-0.7649189507199645,15.553074208912854
29,0,2805.74,22.67458497160159,18.304438453658378,53.51612054158755,50.465917459597826,69.53218313970957,50.465917459597826,56.05002415571693,0.25193983301779543,0.5607324162177536,0.6227780461746326,3.121244692486463,-0.578511463687829,-0.4735650898448931,10.494637384293593
30,0,3141.46,19.557131238073605,15.067201826527109,47.88335874327723,44.771514779965045,61.700565157081876,44.771514779965045,50.56218588679061,0.21730145820081784,0.49746127533294493,0.5618020654087845,2.973339989130186,-0.6982375639398087,-0.5766056879058209,12.163187603398784
31,0,911.61,20.86934188484304,15.067201826527109,38.318739657331946,35.119584801354314,48.17183448722835,35.119584801354314,41.34836299583084,0.23188157649825597,0.3902176089039368,0.45942625550923155,3.038281186564256,-0.9410507239181329,-0.7777768386205085,16.327388529762445
32,0,3258.41,19.374480870260353,15.067201826527109,47.87259161012402,44.75951920373285,61.68827922511698,44.75951920373285,50.552756683578316,0.21527200966955948,0.49732799115258725,0.5616972964842035,2.9639567810874365,-0.6985055285945263,-0.5767921925509294,12.171333604359692
33,0,510.07,30.531389382123315,25.52999959934083,47.47239030207525,44.512954103150655,60.736290509589345,44.512954103150655,50.0184009827299,0.33923765980137016,0.4945883789238962,0.5557600109192211,3.4187553144608303,-0.7040294200788686,-0.587418712950144,11.661070712872457
34,0,809.45,30.255871993712443,25.52999959934083,52.405371250163704,49.438456217823465,67.75540961591626,49.438456217823465,54.880659462088595,0.3361763554856938,0.5493161801980385,0.6097851051343177,3.4096902811335017,-0.599081083036,-0.49464867054735767,10.443241248864238
38,0,1561.38,21.832881384157947,18.304438453658378,45.11070721233396,41.99345299453818,57.759719493411914,41.99345299453818,47.852199651048416,0.2425875709350883,0.46659392216153533,0.5316911072338713,3.083417153796618,-0.7622959452800397,-0.6316925837689968,13.060336151104291
39,0,313.79,23.031944209022576,18.304438453658378,33.089215997501576,30.0,40.37017254969116,30.0,36.26956515247607,0.25591049121136195,0.3333333333333333,0.4029951683608452,3.136882130982461,-1.0986122886681098,-0.908830706286369,18.978158238174082
40,0,1180.08,21.60544693212367,18.304438453658378,41.91184364927744,38.76270717480089,53.24935120605715,38.76270717480089,44.766827141885415,0.24006052146804077,0.43069674638667654,0.4974091904653935,3.0729454556834104,-0.8423510411956101,-0.6983422707722852,14.400877042332494
41,0,1875.59,19.01513515426124,15.067201826527109,41.463990291223226,38.28109546999183,52.68769011985177,38.28109546999183,44.365878612408586,0.21127927949179157,0.4253455052221315,0.49295420680453983,2.9452352491257354,-0.8548534868615659,-0.7073389960599007,14.751449080166523
42,0,584.51,19.89811278208949,15.067201826527109,33.29159896297456,30.00048449355357,40.99695931658742,30.00048449355357,36.694185254077276,0.22109014202321656,0.33333871659503966,0.4077131694897475,2.990624892162437,-1.0985961390133971,-0.8971913677660728,20.140477124732435
44,0,5626.47,20.067251974472164,13.534350885107655,56.17763344212294,53.12980853887344,73.28130722828416,53.12980853887344,58.67646383800551,0.22296946638302403,0.5903312059874827,0.6519607093111723,2.999089231384348,-0.5270715335088877,-0.42777098066397934,9.930055284490836
45,0,272.44,19.197408436404338,16.816152255511735,28.313263415079685,26.84535631895824,32.41470666938834,26.84535631895824,29.513041035543264,0.2133045381822704,0.29828173687731374,0.32792267817270293,2.9547752926528768,-1.2097168133473877,-1.114977435666738,9.473937768064978
46,0,959.6,17.92259290646554,16.816152255511735,33.86356233173089,30.546735023921254,41.91341340488593,30.546735023921254,37.256375103585405,0.19913992118295043,0.3394081669324584,0.41395972337317116,2.8860620905208556,-1.0805518636180744,-0.8819865964276988,19.85652671903756
47,0,1292.56,20.447657404565124,16.816152255511735,40.70123013938319,37.52454197984745,51.57144707486455,37.52454197984745,43.62109463789131,0.22719619338405694,0.41693935533163834,0.48467882930990347,3.017868323583186,-0.8748144986188089,-0.7242688150094037,15.054568360940523
50,0,529.71,19.501256464134777,16.86483970153737,32.51761802843801,30.0,39.173935479211764,30.0,35.078247948896845,0.2166806273792753,0.3333333333333333,0.3897583105432983,2.97047889755211,-1.0986122886681098,-0.9422284485177657,15.638384015034411
51,0,1600.36,20.6972730739244,16.86483970153737,43.20105063564645,40.054127951154776,55.09747334230917,40.054127951154776,46.017961349199695,0.2299697008213822,0.4450458661239419,0.5113106816577744,3.0300019560342246,-0.8095779321857958,-0.6707778859394071,13.880004624638865
52,0,355.29,19.43425306442186,16.86483970153737,30.465769429391642,29.050853956748877,35.19368452159983,29.050853956748877,31.69321030746414,0.2159361451602429,0.32278726618609865,0.35214678119404597,2.9670371310686936,-1.1307617913628913,-1.0437071982725146,8.705459309037678
53,0,3737.78,14.229972585624068,13.534350885107655,37.302511038086905,34.01943252564843,46.89723660256814,34.01943252564843,40.46504750619503,0.1581108065069341,0.377993694729427,0.44961163895772255,2.655350485580163,-0.9728777641116537,-0.7993710933762451,17.35066707354086
54,0,1436.57,14.358300196408004,13.534350885107655,31.60574022381069,30.0,37.19411708149593,30.0,33.20704568992836,0.15953666884897783,0.3333333333333333,0.3689671743325373,2.6643281858900347,-1.0986122886681098,-0.9970475973470557,10.156469132105405
55,0,5414.62,14.182221957755416,13.534350885107655,40.419802243242515,37.19064453056427,51.29446326230885,37.19064453056427,43.402028518941826,0.15758024397506018,0.4132293836729363,0.48224476132157584,2.651989205426054,-0.8837524317942211,-0.7293034902484048,15.444894154581634
56,0,829.35,27.899630728561338,23.390731830811127,48.87626445072547,45.86334231200479,62.867027191429194,45.86334231200479,51.44655605908818,0.30999589698401486,0.5095926923556088,0.5716284006565353,3.3286134532042935,-0.674143514788523,-0.5592661479176814,11.48773668708416
57,0,467.86,27.58751574954774,23.390731830811127,42.406869583534004,39.37538044547331,53.66820599046785,39.37538044547331,45.13261633948665,0.3065279527727527,0.43750422717192566,0.501473514883185,3.317363342477037,-0.8266689111238872,-0.6902044847729741,13.646442635091304
58,0,292.82,29.43187969952596,23.390731830811127,40.427261566807246,37.45780457690506,50.654914873710766,37.45780457690506,43.14825459921325,0.32702088555028846,0.41619782863227844,0.4794250511023695,3.3820784303901363,-0.8765945821619248,-0.7351677032316066,14.142687893031813
61,0,622.61,23.142115838931048,18.77150199232523,38.593565195218595,35.43923323463035,48.46013360265395,35.43923323463035,41.565588818621876,0.2571346204325672,0.3937692581625595,0.46183987576246527,3.141654154012919,-0.931990180419132,-0.7725370372350701,15.94531431840619
62,0,865.03,13.778713313109836,10.802846566031105,27.271299488892396,25.743934246113668,31.383021032887537,25.743934246113668,28.53497867572276,0.1530968145901093,0.2860437138457074,0.31705531861914177,2.6231248877215694,-1.2516106342276236,-1.148679013644387,10.293162058323668
74,0,8623.95,24.677791215367062,18.77150199232523,71.85771032522722,63.41222206693192,100.29674202450614,63.41222206693192,77.88903451553752,0.27419768017074514,0.7045802451881324,0.8654337168393057,3.205903698085867,-0.35015305038525346,-0.14452449096197656,20.56285594232769
75,0,6077.77,25.18589996542188,18.77150199232523,67.68871161753029,60.0,93.76977428267709,60.0,74.09338474688697,0.279843332949132,0.6666666666666666,0.8232598305209663,3.2262843127430774,-0.40546510810816444,-0.1944834166843356,21.098169142382883
76,0,3077.2,24.150451087188806,18.77150199232523,58.01924613331547,55.00265878688971,75.79728427811776,55.00265878688971,60.47093428578161,0.26833834541320895,0.6111406531876634,0.6718992698420179,3.184303058482682,-0.4924281446863978,-0.3976468457629518,9.478129892344601
77,0,2192.52,17.05564038970384,13.534350885107655,38.93276220323145,35.69746093193897,49.15458592087687,35.69746093193897,41.97561076106166,0.18950711544115378,0.3966384547993219,0.4663956751229073,2.8364809636678125,-0.924730106428637,-0.7627209168814137,16.200918954722322
78,0,1666.83,19.039597362772252,19.039597362772252,40.4169858856603,37.221107486122506,51.20814555301986,37.221107486122506,43.36563179290761,0.21155108180858057,0.4135678609569167,0.48184035325452895,2.946520882226398,-0.8829336644238945,-0.7301424371103618,15.27912273135328
79,0,678.68,19.039597362772252,19.039597362772252,33.180445766148566,30.0,40.76042449716405,30.0,36.461012567653704,0.21155108180858057,0.3333333333333333,0.4051223618628189,2.946520882226398,-1.0986122886681098,-0.9035661294507453,19.504615921736445
80,0,1030.96,19.039597362772252,19.039597362772252,36.288758104619646,33.03296812034395,45.344603940834006,33.03296812034395,39.47087904906372,0.21155108180858057,0.3670329791149328,0.43856532276737464,2.946520882226398,-1.002303573616265,-0.8242465095819074,17.80570640343577
81,0,4066.28,17.42450345050224,15.067201826527109,45.68673849352193,42.54126976065034,58.652584313709426,42.54126976065034,48.44198174611144,0.19360559389446932,0.47268077511833706,0.5382442416234604,2.8578774598561814,-0.7493350123752777,-0.619442841125667,12.989217124961062
82,0,4532.13,18.191737763478805,15.067201826527109,48.74461446417887,45.632946048057036,62.92472096726935,45.632946048057036,51.40740765587738,0.20213041959420894,0.5070327338673004,0.5711934183986376,2.9009675219679827,-0.6791797136342798,-0.5600273904344947,11.915232319978507
83,0,794.92,16.703780500812524,15.067201826527109,31.64602916695459,30.0,37.234267181956234,30.0,33.28895712636991,0.18559756112013914,0.3333333333333333,0.36987730140411007,2.8156350710973994,-1.0986122886681098,-0.994583946167947,10.40283425001628
86,0,1749.55,17.926305499265588,13.534350885107655,38.7006822609981,35.46960786767794,48.80682019181672,35.46960786767794,41.748276240015144,0.1991811722140621,0.39410675408531043,0.4638697360001683,2.886269215033933,-0.9311334569292751,-0.7681515075500676,16.29819493792075
87,0,270.9,16.57021247577261,13.534350885107655,24.648010185457196,23.138531176090247,27.93659628836517,23.138531176090247,25.93403243166418,0.18411347195302902,0.2570947908454472,0.28815591590737977,2.807606654275547,-1.3583104261156818,-1.2442535706581919,11.40568554574899
88,0,1299.49,17.038119986608287,13.534350885107655,34.622283774092914,31.309055957880915,43.03033374410392,31.309055957880915,37.96179293931769,0.18931244429564764,0.34787839953201016,0.4217976993257521,2.8354531858900347,-1.0559022869035284,-0.8632294653720819,19.26728215314465
89,0,1066.05,24.759474810778386,21.014884317171944,46.38694042471112,43.31489620600685,59.4701793707745,43.31489620600685,49.05828016618454,0.2751052756753154,0.48127662451118725,0.5450920018464949,3.209208236395085,-0.7313130712508304,-0.606800687838307,12.451238341252346
90,0,465.69,23.980259322763455,21.014884317171944,37.33199403119662,34.187734521601215,46.59466639176066,34.187734521601215,40.34520348450286,0.26644732580848285,0.37986371690668014,0.44828003871669847,3.1772309636678124,-0.967942730307573,-0.8023371554310911,16.560557487648197
91,0,384.87,26.45255933543506,21.014884317171944,39.05657921123395,35.98934867537054,48.91471985899312,35.98934867537054,41.921558865265396,0.29391732594927844,0.39988165194856157,0.46579509850294887,3.275352914887325,-0.916586645780953,-0.7640094443374781,15.257720144347486
92,0,3534.66,15.019895842851065,11.788725031630772,38.66474665362941,35.41088697230373,48.810896676766276,35.41088697230373,41.73752703225243,0.16688773158723405,0.39345429969226364,0.46375030035836035,2.7093757117481005,-0.9327903558812567,-0.7684090173876876,16.438133849356905
93,0,13099.17,16.325023659578743,11.788725031630772,56.43620295141341,53.378691144516495,73.66950043574607,53.378691144516495,58.94044387333898,0.18138915177309714,0.5930965682724055,0.6548938208148776,2.792699124446513,-0.5223980462401752,-0.4232821621135634,9.911588412661176
94,0,460.7,16.71627338807062,11.788725031630772,28.170583449589277,26.671089775143177,32.389929301738825,26.671089775143177,29.399210874902064,0.18573637097856244,0.2963454419460353,0.3266578986100229,2.81638269932574,-1.2162294715109623,-1.1188418373355806,9.738763417538166
106,0,401.54,20.622920952565018,15.672343999352103,32.27652971690948,30.0,38.55861587207976,30.0,34.58001738362271,0.22914356613961132,0.3333333333333333,0.38422241537358565,3.0264031248399736,-1.0986122886681098,-0.9565336873678234,14.207860130028639
107,0,1921.32,21.586358510983292,15.672343999352103,46.82427478796368,43.71886100733243,60.17649620762385,43.71886100733243,49.51785306490428,0.23984842789981436,0.4857651223036937,0.5501983673878253,3.0720615647607086,-0.7220300593436184,-0.5974763978028168,12.45536615408016
108,0,3714.28,20.771135300806584,15.672343999352103,52.646820872286305,49.57926436565321,68.3464309921175,49.57926436565321,55.207935659415966,0.23079039223118428,0.5508807151739246,0.6134215073268441,3.0335642970011456,-0.5962369811537221,-0.48870296543403224,10.75340157196899
109,0,2343.9,17.364811651632888,13.534350885107655,40.168371596344066,36.95411113963468,50.894003746864655,36.95411113963468,43.14415218655405,0.19294235168480986,0.4106012348848298,0.47937946873948944,2.8544458397008703,-0.8901327668888459,-0.7352627848920933,15.486998199675261
110,0,6436.56,16.284780560120126,13.534350885107655,47.7173886452824,44.58792777214737,61.507871068401684,44.58792777214737,50.415666497760306,0.18094200622355697,0.4954214196905263,0.5601740721973367,2.7902309636678124,-0.7023465256986253,-0.5795077003451534,12.28388253534719
111,0,13133.36,17.917069100036695,13.534350885107655,61.654616849256556,58.622442394146105,80.90665231768624,58.622442394146105,64.06681314580081,0.19907854555596327,0.6513604710460679,0.7118534793977868,2.885753839484806,-0.42869207105457235,-0.339883176109945,8.880889494462735
115,0,4310.06,20.015217790776244,17.44418813428901,52.6530078314797,49.581526661474264,68.36486594407427,49.581526661474264,55.21751718312085,0.2223913087864027,0.5509058517941585,0.6135279687013427,2.9964928737631142,-0.5961913523159927,-0.48852942711506175,10.7661925200931
116,0,2625.31,20.454288793969155,17.44418813428901,47.882076983521664,44.776263326478016,61.6838441608587,44.776263326478016,50.5553630150188,0.22726987548854616,0.4975140369608668,0.5617262557224311,3.018192581476928,-0.6981315077848079,-0.57674063721692,12.139087056788789
117,0,1745.94,21.988663009831264,17.44418813428901,46.588688885404835,43.48517129830678,59.835953190565355,43.48517129830678,49.28529376836607,0.24431847788701405,0.48316856998118646,0.5476143752040674,3.090527002801557,-0.7273896800458233,-0.6021839346266692,12.520574541915408
138,0,819.27,20.280128786465525,15.067201826527109,36.47046530030103,33.2370987447621,45.55554364775826,33.2370987447621,39.61911043486633,0.22533476429406138,0.3693010971640233,0.4402123381651814,3.009641529120251,-0.9961429861991854,-0.8204980817383123,17.564490446087312
139,0,2322.41,19.8711371512089,15.067201826527109,45.32424753394636,42.19088653881504,58.104821200100126,42.19088653881504,48.076160516753085,0.22079041279120998,0.46878762820905606,0.5341795612972565,2.9892682844787135,-0.7576054314066095,-0.6270232394327271,13.058219197388244
140,0,984.42,18.644489253296733,15.067201826527109,35.258091588809116,31.978940645144768,43.88553937694935,31.978940645144768,38.521361452820464,0.20716099170329702,0.35532156272383075,0.4280151272535607,2.9255506200293415,-1.03473208901581,-0.848596739974551,18.613534904125906
141,0,1519.08,11.408917848477031,9.70382674009389,26.090380082929567,24.54295074903664,29.974055086890417,24.54295074903664,27.387933969483495,0.126765753871967,0.27269945276707375,0.3043103774387055,2.434395316999039,-1.2993849958540094,-1.1897071200031013,10.967787585090804
142,0,213.82,11.187845986683072,9.70382674009389,16.495928900722767,15.0,17.703867968765348,15.0,18.037302693737548,0.12430939985203414,0.16666666666666666,0.20041447437486165,2.414828009306731,-1.791759469228055,-1.6073676849602325,18.43917842678224
143,0,1977.82,11.041842440290027,9.70382674009389,26.91738561149886,25.37460604641045,31.007139098033203,25.37460604641045,28.19922739124296,0.12268713822544475,0.2819400671823383,0.31332474879158845,2.401691914632175,-1.2660607583534447,-1.1605150902351686,10.554566811827604
152,0,1519.29,20.579497046325137,16.86483970153737,42.47033311384831,39.31462836514104,54.06934729134009,39.31462836514104,45.31575805830509,0.22866107829250154,0.43682920405712267,0.5035084228700566,3.0242952911531926,-0.8282129976812778,-0.6861548383238064,14.205815935747134
153,0,1671.93,20.817280808030368,16.86483970153737,43.86635248341966,40.727252050684115,56.03245574355358,40.727252050684115,46.658523569368484,0.23130312008922632,0.45252502278537904,0.5184280396596498,3.0357834498556575,-0.7929122183978747,-0.6569540465571881,13.59581718406866
154,0,1087.92,22.858234477709942,16.86483970153737,43.310551982679996,40.19082364045158,55.18721183467673,40.19082364045158,46.098217702554095,0.253980383085666,0.4465647071161287,0.5122024189172677,3.1293114234379273,-0.8061709684127732,-0.669035382624842,13.713558578793128
155,0,740.85,16.023270247859084,12.091712698482599,30.267774856216732,28.79791015613206,35.0806688330628,28.79791015613206,31.50381421592157,0.17803633608732317,0.3199767795125784,0.3500423801769063,2.7740420561294736,-1.1395068498444534,-1.04970104560929,8.980580423516349
156,0,424.6,22.674693576318322,18.148071416139747,34.802098399230495,31.601506106040052,43.01512430224157,31.601506106040052,38.00345534558284,0.25194103973687026,0.35112784562266725,0.4222606149509205,3.121249482186331,-1.0466048892896298,-0.8621325845908576,18.44723046987722
160,0,831.71,21.612091326193628,16.86483970153737,38.734490605106366,35.55240673887066,48.734355594901565,35.55240673887066,41.72984514310748,0.2401343480688181,0.3950267415430073,0.46366494603452757,3.0732529416897902,-0.9288018162636849,-0.768593086658504,16.020872960518084
161,0,527.49,23.54786861024758,16.86483970153737,37.76828323698437,34.616342027360105,47.25139714793417,34.616342027360105,40.77102890893357,0.2616429845583064,0.3846260225262234,0.45301143232148416,3.1590353114938994,-0.9554837868417466,-0.79183791690478,16.364586993696662
162,0,3788.68,11.05239819506072,9.70382674009389,31.262479548742377,29.883243538421894,36.54891172980722,29.883243538421894,32.60949860084085,0.12280442438956356,0.33203603931579884,0.362327762231565,2.4026474356431065,-1.102511763800987,-1.0152060562730991,8.730570752788779
163,0,4927.05,10.416294728666678,9.70382674009389,31.409604306905926,30.0,36.79276382718895,30.0,32.809290559143854,0.11573660809629642,0.3333333333333333,0.3645476728793762,2.3433713808288257,-1.0986122886681098,-1.0090979462931362,8.951434237497358
164,0,8162.81,11.61427102471917,9.70382674009389,37.043190101997624,33.743898229488956,46.558018767376616,33.743898229488956,40.23536890923208,0.129047455830213,0.3749322025498773,0.4470596545470231,2.4522346027133244,-0.9810100625571142,-0.8050632379104751,17.59468246466391
168,0,2975.21,17.087117186435925,13.65096527922779,41.784164113925954,38.590246505087016,53.17633103024687,38.590246505087016,44.68724565256531,0.18985685762706583,0.42878051672318906,0.4965249516951701,2.8383247986644204,-0.8468101070041192,-0.7001215415830827,14.668856542103647
169,0,1738.87,16.49128360049781,13.65096527922779,35.874477895920954,32.58051358043352,44.8304237945256,32.58051358043352,39.120112688164944,0.18323648444997565,0.36200570644926133,0.43466791875738825,2.802831974688059,-1.0160953036086187,-0.8331729445909839,18.292235901763476
170,0,2736.88,16.52901057532744,13.65096527922779,39.786861806181086,36.560768953408754,50.37088060182478,36.560768953408754,42.78819866498837,0.18365567305919378,0.4062307661489862,0.4754244296109819,2.8051170537394428,-0.9008338913230273,-0.7435473378900459,15.728655343298136
171,0,2879.89,14.520775633987725,9.70382674009389,35.83996946301878,32.529161579162306,44.82131325530103,32.529161579162306,39.106087465324705,0.1613419514887525,0.36143512865735894,0.43451208294805227,2.6755804262886564,-1.017672703950216,-0.8335315258070726,18.414117814314345
172,0,3450.32,13.339567287110956,9.70382674009389,34.60649059010869,31.260467827040475,43.088102151828316,31.260467827040475,37.98438056136156,0.14821741430123284,0.34733853141156085,0.4220486729040174,2.5907346027133245,-1.0574553797726403,-0.8626346329620019,19.482074681063832
175,0,1976.68,10.882324660092598,9.70382674009389,26.550436142926394,25.004436656305842,30.55476873626189,25.004436656305842,27.840134561724454,0.12091471844547332,0.2778270739589538,0.30933482846360505,2.38713988221643,-1.2807563949551033,-1.173331001480452,10.742539347465119
176,0,2803.22,10.638934277406113,9.70382674009389,28.21272730724004,26.677624473517806,32.61718666694757,26.677624473517806,29.471708590785333,0.11821038086006792,0.2964180497057534,0.3274634287865037,2.3645203169990388,-1.2159844909711557,-1.116378897969616,9.96055930015396
177,0,4862.01,11.256699142671057,9.70382674009389,32.64314162237205,30.0,39.628960682790286,30.0,35.338650864133385,0.1250744349185673,0.3333333333333333,0.39265167626814873,2.4209634307714936,-1.0986122886681098,-0.9348323800549994,16.37799086131104
181,0,2216.23,17.65005650972271,16.86483970153737,40.25150072704838,37.04070701348247,51.00570624893575,37.04070701348247,43.22088859391625,0.196111738996919,0.41156341126091633,0.4802320954879583,2.870738985058187,-0.8877921728974572,-0.7334857596776768,15.430641321978033
182,0,4566.41,19.30459833473812,16.86483970153737,51.59835950800921,48.515655007909714,66.90044715037858,48.515655007909714,54.188163775092086,0.2144955370526458,0.5390628334212191,0.6020907086121343,2.9603433232183742,-0.6179231408020267,-0.5073471662665217,11.057597453550505
183,0,4960.61,17.395934861227882,16.86483970153737,47.75629598919916,44.63172843759752,61.551170261311775,44.63172843759752,50.44929953425215,0.19328816512475425,0.4959080937510836,0.5605477726028016,2.8562365502599913,-0.7013646642831088,-0.5788408079827909,12.252385630031792
184,0,774.37,14.947988226181552,11.788725031630772,28.67763639815378,27.164819642792793,33.098491368787094,27.164819642792793,29.91213281423972,0.16608875806868392,0.30183132936436435,0.3323570312693302,2.7045767239711713,-1.1978869296717423,-1.1015454924994996,9.634143717224264
185,0,208.86,6.957426639896977,6.957426639896977,11.149209355956982,11.149209355956987,10.93983579565328,11.149209355956987,11.149209355956982,0.07730474044329974,0.12388010395507763,0.12388010395507758,1.939809670330265,-2.088441084717997,-2.0884410847179975,-4.440892098500626e-14
186,0,1168.03,6.957426639896977,6.957426639896977,16.11957424882909,15.0,17.10291888102322,15.0,17.254837627264273,0.07730474044329974,0.16666666666666666,0.19172041808071413,1.939809670330265,-1.791759469228055,-1.6517171240092008,14.004234521885417
190,0,853.64,12.201535531812343,10.802846566031105,24.27898633279712,22.72162038054448,27.697097601674095,22.72162038054448,25.615253758252045,0.13557261702013715,0.25246244867271644,0.28461393064724494,2.501561807082402,-1.3764927594542156,-1.2566216463611135,11.987111309310205
191,0,813.21,12.644381739426496,10.802846566031105,24.812215965138055,23.261864520954333,28.349506621399936,23.261864520954333,26.13263848956792,0.14049313043807218,0.25846516134393704,0.290362649884088,2.537212985247392,-1.3529943664801443,-1.2366246204048814,11.636974607526284
192,0,670.81,12.932648758566154,10.802846566031105,24.224779383944394,22.672167689263752,27.603978163665317,22.672167689263752,25.55767138658902,0.1436960973174017,0.2519129743251528,0.2839741265176558,2.559755025521522,-1.3786715910938487,-1.2588721487822063,11.979944231164241
193,0,3062.84,17.20564810827982,15.067201826527109,42.326282677477614,39.14020922023029,53.93728977015259,39.14020922023029,45.20563597139061,0.19117386786977578,0.43489121355811433,0.5022848441265624,2.8452377083033866,-0.8326593629440644,-0.6885879016326499,14.407146131141445
194,0,5185.24,16.810607952995976,15.067201826527109,46.746644142290975,43.609409401960576,60.14446117211112,43.609409401960576,49.471494084390635,0.1867845328110664,0.48454899335511753,0.5496832676043404,2.8220101129174058,-0.7245367312877572,-0.5984130437195331,12.612368756822413
195,0,4469.2,16.623237518530026,15.067201826527109,44.71347757120453,41.55319587868563,57.29795207873457,41.55319587868563,47.50519778371422,0.18470263909477808,0.4617021764298403,0.527835530930158,2.810801566999039,-0.772835235532199,-0.6389705382508072,13.386469728139183
207,0,965.71,21.755239380483,16.86483970153737,40.3005050640907,37.13735114592846,50.95848414354232,37.13735114592846,43.21999169705728,0.24172488200536668,0.4126372349547607,0.4802221299673031,3.079854619581791,-0.8851864377372942,-0.7335065113603525,15.167992637694173
208,0,1313.23,22.014890358928685,16.86483970153737,43.68768369296904,40.56018354933495,55.747551321837214,40.56018354933495,46.47318513608652,0.2446098928769854,0.4506687061037217,0.5163687237342947,3.0917190589059076,-0.7970227856794962,-0.660934187811513,13.608859786798321
209,0,2504.51,22.988599187334245,16.86483970153737,52.78905869406744,49.73676174020202,68.50984682234453,49.73676174020202,55.33466740009249,0.2554288798592694,0.5526306860022446,0.6148296377788055,3.1349984055282776,-0.5930653378097303,-0.4864100612922384,10.665527651749185
210,0,1628.08,20.183001878432037,15.067201826527109,42.38691258433782,39.22612580484371,53.961961082249715,39.22612580484371,45.23967909243769,0.22425557642702262,0.43584584227604123,0.5026631010270854,3.004840758987989,-0.8304666709160625,-0.6878351125549467,14.263155836111585
211,0,2056.12,20.072972321650816,15.067201826527109,44.48596522585039,41.34601378444486,56.922125314265614,41.34601378444486,47.26371132209694,0.2230330257961202,0.4594001531604984,0.5251523480232994,2.9993742495833082,-0.7778336553347297,-0.6440668717754869,13.376678355924277
212,0,2563.03,20.613208954790096,15.067201826527109,47.9589720995687,44.85495591587181,61.788804153877635,44.85495591587181,50.629152217956005,0.2290356550532233,0.49838839906524235,0.5625461357550667,3.025932081704921,-0.6963755881336398,-0.5752821291468273,12.109345898681244
217,0,1120.85,25.01072580375144,22.870645115196208,47.36532657020924,44.30217973114345,60.8425823261865,44.30217973114345,50.0090133286403,0.277896953375016,0.4922464414571494,0.5556557036515589,3.2193047650102806,-0.7087757906263623,-0.5876064145753792,12.116937605098311
218,0,967.0,20.801493314588345,16.86483970153737,38.716424719935674,35.52107208911912,48.741096592703606,35.52107208911912,41.72625375027424,0.23112770349542605,0.39467857876799023,0.46362504166971374,3.035024778100802,-0.9296835699726195,-0.7686791532943301,16.100441667828935
219,0,726.32,19.27239163618969,16.86483970153737,33.95044140138539,30.65829886354613,41.98113828918532,30.65829886354613,37.30883243493769,0.2141376848465521,0.34064776515051254,0.4145425826104188,2.958673586618632,-1.0769062823284907,-0.8805795772095373,19.632670511895345
220,0,324.57,17.919449753808973,16.86483970153737,27.67128092339544,26.185099270701183,31.68957929934379,26.185099270701183,28.89412231362431,0.19910499726454414,0.2909455474522354,0.32104580348471456,2.8858867013727303,-1.2346191514774465,-1.136171476047834,9.844767542961241
221,0,3608.17,10.087505810193777,9.70382674009389,28.478093547392493,26.94341590995039,32.95174461247389,26.94341590995039,29.733662371281252,0.11208339789104196,0.29937128788833767,0.33037402634756946,2.311297609575458,-1.206070710431744,-1.1075298531749453,9.854085725679873
222,0,3450.16,10.694098360059584,9.70382674009389,29.770795365202464,28.24549339991677,34.54258012694477,28.24549339991677,31.00461313930658,0.11882331511177316,0.3138388155546308,0.3444957015478509,2.3696920341707557,-1.1588757511300507,-1.0656736659709956,9.320208515905515
223,0,674.98,11.20692950793452,9.70382674009389,21.270853898631692,19.6773484814271,23.958528653393756,19.6773484814271,22.71036246686523,0.12452143897705022,0.21863720534918998,0.252337360742947,2.416532293046943,-1.5203415194180816,-1.3769883536679872,14.335316575009438
227,0,3496.9,28.448217592336853,25.52999959934083,67.04820145797646,60.0,92.20055092256887,60.0,72.8748821063485,0.31609130658152057,0.6666666666666666,0.809720912292761,3.348085508076738,-0.40546510810816444,-0.2110656434125674,19.439946469559704
228,0,1099.71,31.568168833902828,25.52999959934083,58.59611897338964,55.65391446102646,76.42460054436859,55.65391446102646,60.978435390900415,0.3507574314878092,0.6183768273447384,0.6775381710100046,3.4521492975269443,-0.48065725436325013,-0.3892893868411977,9.136786752205245
229,0,1382.99,29.010922510753353,25.52999959934083,57.1186733374516,54.14165974444078,74.43176051750736,54.14165974444078,59.545919154396806,0.32234358345281505,0.6015739971604531,0.6616213239377423,3.367672397377913,-0.5082057300857372,-0.4130619049309003,9.514382515483694
233,0,566.71,16.865239880787662,15.067201826527109,29.836832783127317,28.342962811876973,34.47296919770294,28.342962811876973,31.04327423484028,0.18739155423097403,0.31492180902085526,0.3449252692760031,2.8252546919990387,-1.1554308963001287,-1.0644274962084777,9.100340009165109
234,0,805.22,18.184200340305832,15.067201826527109,33.13090908527533,30.0,40.667563803778464,30.0,36.35701428313077,0.20204667044784258,0.3333333333333333,0.40396682536811973,2.9005531038842842,-1.0986122886681098,-0.9064225198180893,19.21897688500205
235,0,709.37,16.303385343206166,15.067201826527109,30.433532994382468,28.98433907801679,35.299888392585835,28.98433907801679,31.683739265153807,0.18114872603562407,0.32204821197796435,0.35204154739059784,2.7913727760154323,-1.1330540180060025,-1.0440060779896578,8.904794001634464
236,0,578.91,16.088261991703675,15.067201826527109,28.685769807942087,27.181842794146814,33.06533213098879,27.181842794146814,29.912527614881288,0.17875846657448527,0.30202047549052013,0.3323614179431254,2.7780899372522034,-1.197260464268075,-1.101532293907523,9.572817036055215
237,0,295.58,11.627688758514873,10.802846566031105,18.225893433272976,16.596515891561477,20.06196306497475,16.596515891561477,19.818203295891685,0.12919654176127637,0.18440573212846087,0.22020225884324093,2.4533892157848105,-1.6906168830474404,-1.51320879660248,17.74080864449603
238,0,861.51,12.117337236406819,10.802846566031105,24.175470617619013,22.616723080286828,27.57032531324112,22.616723080286828,25.514919307151946,0.13463708040452022,0.2512969231142981,0.2834991034127994,2.4946372565371613,-1.3811200783822069,-1.2605463183844128,12.057375999779406
241,0,1056.11,24.87131166961089,18.304438453658378,46.47940958655832,43.40947251101711,59.59684238527447,43.40947251101711,49.146893363367624,0.276347907440121,0.4823274723446345,0.546076592926307,3.213714997462386,-0.7291319924167763,-0.6049960329907518,12.413595942602452
242,0,230.87,24.083467069380323,18.304438453658378,32.50844146415869,30.0,38.905792291280484,30.0,35.05923763309172,0.26759407854867023,0.3333333333333333,0.3895470848121302,3.1815255913628677,-1.0986122886681098,-0.9427705357087425,15.584175295936731
243,0,1035.77,24.321153046892128,18.304438453658378,45.32954431645538,42.244947997425456,57.99153776618013,42.244947997425456,48.03519736608056,0.270235033854357,0.46938831108250506,0.5337244151786729,3.191346467441682,-0.7563248977020589,-0.6278756496796575,12.844924802240143
244,0,1835.02,16.000016627267872,12.091712698482599,35.345573565375325,32.03622161329487,44.08950235546998,32.03622161329487,38.63763227330761,0.17777796252519856,0.3559580179254986,0.42930702525897346,2.7725897614434833,-1.0329424822596285,-0.8455829394341475,18.735954282548096
245,0,3955.93,14.36065460639942,12.091712698482599,38.08882097168105,34.82114516179511,48.00669591853322,34.82114516179511,41.19999055374326,0.15956282895999355,0.3869016129088345,0.4577776728193696,2.6644921479849546,-0.9495848484840632,-0.7813716432528868,16.821320523117645
246,0,1370.51,16.414621473783644,12.091712698482599,33.90113127480115,30.56483199338578,42.01762001390456,30.56483199338578,37.31401122920696,0.18238468304204047,0.33960924437095313,0.41460012476896624,2.7981724909120826,-1.079959603563987,-0.8804407780423308,19.95188255216561
247,0,6260.86,12.878772666768251,9.70382674009389,38.290033845032674,35.01939943041427,48.30707131298218,35.01939943041427,41.39579580799472,0.1430974740752028,0.3891044381157141,0.4599532867554969,2.5555804262886563,-0.9439074929510137,-0.7766303451871291,16.72771477638846
248,0,2077.76,13.352399962684647,9.70382674009389,31.934152034928175,30.0,37.96420023833711,30.0,33.876796619534794,0.14835999958538496,0.3333333333333333,0.3764088513281644,2.591696141174863,-1.0986122886681098,-0.9770793557977637,12.153293287034606
249,0,5894.71,18.07423656551959,15.067201826527109,51.5015515811984,48.41276555849812,66.77839604185797,48.41276555849812,54.09825256548586,0.20082485072799547,0.5379196173166458,0.6010916951720651,2.8944875301137927,-0.6200461401752754,-0.5090077850829289,11.10383550923465
250,0,4965.12,19.113166820018773,15.067201826527109,52.12823555038391,49.04866641884557,67.64259987942309,49.04866641884557,54.707429355138764,0.2123685202224308,0.5449851824316174,0.6078603261682085,2.9503774598561816,-0.6069966728873659,-0.4978101501042151,10.918652278315083
251,0,5779.64,18.919868715854747,15.067201826527109,53.499347646214815,50.42903358450802,69.5581321401057,50.42903358450802,56.05120415262438,0.2102207635094972,0.5603225953834224,0.622791157251382,2.9402126246913465,-0.5792425979289612,-0.47354403749916424,10.569856042979692
252,0,972.19,21.33733779075384,18.304438453658378,39.66076774628802,36.4844773419342,50.064730897239194,36.4844773419342,42.61572687719496,0.23708153100837598,0.40538308157704667,0.4735080764132773,3.0604584860180295,-0.9029227785014564,-0.7475863096624475,15.533646883900886
253,0,1685.95,23.11233176456024,18.304438453658378,48.390556394691956,45.31138172032063,62.34116259551228,45.31138172032063,51.02993713396751,0.2568036862728915,0.5034597968924515,0.5669993014885278,3.1403663177061234,-0.6862514172955925,-0.5673972071977755,11.885421009781695
254,0,1090.35,24.144625479165676,18.304438453658378,45.56178081609305,42.476144256765956,58.32597640312192,42.476144256765956,48.26331531187078,0.26827361643517417,0.4719571584085106,0.5362590590207864,3.1840618078846683,-0.7508670635997359,-0.6231379156037444,12.772914799599144
255,0,2007.23,20.15061084281934,15.067201826527109,44.39810090597392,41.25795056200056,56.79682754149567,41.25795056200056,47.17815824715344,0.223895676031326,0.45842167291111735,0.5242017583017049,3.0032346027133245,-0.7799658352247321,-0.6458786338411027,13.40872013836294
256,0,1303.49,20.091525209328093,15.067201826527109,40.13590997934332,36.948184199524164,50.78132718095843,36.948184199524164,43.08587274906758,0.22323916899253438,0.41053537999471296,0.4787319194340843,3.0002980947768165,-0.8902931662403416,-0.7366145053955663,15.367866084477534
257,0,245.85,17.534312249916955,15.067201826527109,25.388110812523053,23.894846964806842,28.80746361836776,23.894846964806842,26.64768192060806,0.19482569166574393,0.2654982996089649,0.2960853546734229,2.8641596612613336,-1.32614684280666,-1.2171075058427556,10.903933696390444
258,0,1199.09,24.265323889890293,18.304438453658378,46.784363571899995,43.70797780590501,60.047680675037526,43.70797780590501,49.451706807510945,0.26961470988766995,0.485644197843389,0.5494634089723438,3.1890483307957194,-0.7222790264029646,-0.5988130970329153,12.34659293700493
259,0,2208.78,21.76010726644358,18.304438453658378,48.716959648028215,45.62783026339308,62.829749456911316,45.62783026339308,51.35960893381532,0.2417789696271509,0.5069758918154786,0.5706623214868369,3.0800783514996533,-0.6792918271813277,-0.560957625194539,11.83342019867888
260,0,597.54,24.308114765254924,18.304438453658378,39.96827784800973,36.84925032553406,50.367538480406054,36.84925032553406,42.85431040718208,0.27009016405838804,0.4094361147281562,0.47615900452424537,3.1908102355576244,-0.8929743958493757,-0.7420034374125353,15.097095843684038
261,0,6314.21,12.66736857294656,11.788725031630772,37.79830762477486,34.51761399815408,47.61527630761336,34.51761399815408,40.93587156023348,0.1407485396994062,0.38352904442393426,0.4548430173359276,2.539029283176672,-0.9583399259084686,-0.7878029364073066,17.053698950116203
262,0,4270.03,13.3078018092439,11.788725031630772,36.19953419596445,32.889297009182826,45.34840069175398,32.889297009182826,39.445849997286054,0.14786446454715443,0.36543663343536475,0.4382872221920673,2.588350465442682,-1.0066623843564244,-0.8248808250919224,18.178155926450202
263,0,1839.79,12.233077689903336,11.788725031630772,29.132382051273815,27.60786255748689,33.731425712035005,27.60786255748689,30.372061387037252,0.1359230854433704,0.306754028416521,0.33746734874485834,2.5041435688909575,-1.181709062905152,-1.0862865178092787,9.542254509587345
267,0,3400.17,18.853220718583437,15.064483214831114,47.14324947067509,44.02034980631374,60.6742200096981,44.02034980631374,49.846700965581036,0.20948023020648263,0.48911499784793044,0.5538522329509004,2.936683759701348,-0.7151576477320887,-0.5908573553384169,12.43002923936718
268,0,552.04,20.13958115741634,15.064483214831114,33.249807403577535,30.0,40.88881831498439,30.0,36.60680984505723,0.22377312397129268,0.3333333333333333,0.406742331611747,3.002687090520855,-1.0986122886681098,-0.8995753858898474,19.903690277826236
269,0,917.21,18.385653097839686,15.064483214831114,34.28814525124306,30.987002296614897,42.505098841408675,30.987002296614897,37.63489944406111,0.20428503442044096,0.3443000255179433,0.4181655493784568,2.9115706375294024,-1.0662418345222295,-0.8718778737203002,19.43639608019293
278,0,1641.04,11.53270582485368,9.70382674009389,26.834863048816644,25.293306855895402,30.896016047375966,25.293306855895402,28.11673333763785,0.12814117583170756,0.28103674284328223,0.3124081481959761,2.4451869836657054,-1.2692698607469985,-1.1634447787832034,10.582508196379514
279,0,1132.05,12.840314111094681,9.70382674009389,27.19543216454107,25.66220024608961,31.31498840217915,25.66220024608961,28.465227385320617,0.1426701567899409,0.28513555828988457,0.3162803042813402,2.552589761443483,-1.254790568673418,-1.151126419716701,10.366414895671694
280,0,3250.39,13.191089893383356,9.70382674009389,33.82206165501585,30.455723460926542,41.974369492841745,30.455723460926542,37.27536351956348,0.14656766548203728,0.33839692734362825,0.4141707057729275,2.5795415935947834,-1.083535731245109,-0.8814770573577755,20.205867388733356
287,0,808.52,14.633493811768794,13.65096527922779,28.398493138913455,26.88231348327299,32.76092259119483,26.88231348327299,29.638976305524764,0.16259437568631993,0.29869237203636656,0.32932195895027516,2.6833129979885637,-1.2083410912928267,-1.1107194080991947,9.762168319363207
288,0,1223.06,15.390574714143217,13.65096527922779,32.084228482142514,30.0,38.27743088339333,30.0,34.184417134037844,0.1710063857127024,0.3333333333333333,0.3798268570448649,2.733755290502679,-1.0986122886681098,-0.9680397694524776,13.057251921563218
289,0,765.45,15.238273181797446,13.65096527922779,29.12109913318599,27.612107530727478,33.641597246182,27.612107530727478,30.3475904390189,0.16931414646441606,0.3068011947858609,0.33719544932243223,2.7238102355576244,-1.1815553151489628,-1.087092548430578,9.446276671838483
293,0,326.29,23.4569199907126,18.304438453658378,33.83569671515657,30.651152506732814,41.53991750134773,30.651152506732814,37.07752156354461,0.2606324443412511,0.34056836118592015,0.4119724618171623,3.1551655469129356,-1.0771394064777355,-0.8867987721161258,19.034063436160974
294,0,3497.55,8.975123808999538,6.957426639896977,25.347536246805305,23.78632456763854,29.08969609927344,23.78632456763854,26.668910521457562,0.09972359787777264,0.2642924951959838,0.29632122801619515,2.1944567291537944,-1.3306988527959107,-1.216311183309789,11.438766948612166
295,0,2468.4,9.26930186990758,6.957426639896977,24.087683194686605,22.51530723807563,27.523285354405658,22.51530723807563,25.44134846640377,0.10299224299897311,0.25017008042306255,0.28268164962670855,2.22670806605219,-1.3856142707415369,-1.2634339275082338,12.218034323330308
296,0,6502.63,11.978404737945004,9.70382674009389,36.196768088897905,32.88076060127137,45.35857332180534,32.88076060127137,39.44956556643259,0.13309338597716672,0.3653417844585708,0.43832850629369546,2.4831054233820176,-1.006921967767768,-0.8247866353567461,18.213533241102198
297,0,1742.77,11.417618897433343,9.70382674009389,26.96171401754515,25.420598152954874,31.055563194705012,25.420598152954874,28.24149880315376,0.1268624321937038,0.28245109058838747,0.3137944311461529,2.435157679636401,-1.2642498740450596,-1.1590171853475182,10.523268869754144
298,0,1850.34,11.761561346060795,9.70382674009389,28.11399727376311,26.581742375812805,32.47807655693421,26.581742375812805,29.371660458095363,0.13068401495623105,0.2953526930645867,0.32635178286772626,2.46483670117983,-1.2195850670561865,-1.1197793908616696,9.980567619451698
299,0,1837.75,11.531746393364514,10.802846566031105,27.55454967239287,26.017874006094477,31.788699380055032,26.017874006094477,28.822815872815003,0.12813051548182794,0.2890874889566053,0.32025350969794447,2.445103787977324,-1.24102590672952,-1.1386423790211786,10.238352770834137
300,0,2292.16,11.784081096356719,10.802846566031105,29.621515235199006,28.098242953391843,34.344088204188296,28.098242953391843,30.85509470759316,0.13093423440396354,0.3122026994821316,0.342834385639924,2.4667495610406474,-1.1641026242945884,-1.0705077891212338,9.359483517335466
301,0,400.92,12.007409961951234,10.802846566031105,20.101302658856163,18.501620254510804,22.441202322375435,18.501620254510804,21.58386142897397,0.1334156662439026,0.20557355838345337,0.23982068254415523,2.485523956044551,-1.581951360756098,-1.4278637909663685,15.40875697897295
302,0,582.96,13.37540961525765,10.802846566031105,24.18715014682887,22.63788136605628,27.53907306216514,22.63788136605628,25.517659972647333,0.14861566239175167,0.2515320151784031,0.28352955525163703,2.5934179177529453,-1.3801850006118896,-1.2604389099195967,11.974609069229292
303,0,304.12,12.971193558420225,10.802846566031105,20.233118205015785,18.6470986762065,22.54898986622892,18.6470986762065,21.697326321655254,0.14412437287133584,0.20718998529118335,0.24108140357394728,2.5627310186448717,-1.574119103301672,-1.4226206283585767,15.14984749430952
304,0,404.4,14.636363637966179,10.802846566031105,24.138540356091433,22.601485974508126,27.41630039880744,22.601485974508126,25.458709928005156,0.16262626264406865,0.2511276219389792,0.28287455475561285,2.683509092295583,-1.3817940151291022,-1.262751749026624,11.904226610247814
305,0,1439.64,13.621056932912213,10.802846566031105,30.38113784881627,28.910484391888026,35.30335858899764,28.910484391888026,31.63949343715162,0.15134507703235792,0.3212276043543114,0.3515499270794625,2.6116168992459277,-1.1356053592750288,-1.0454035377627813,9.020182151224754
306,0,1197.56,15.50248209894563,10.802846566031105,32.11670426571444,30.0,38.35047287954008,30.0,34.25111336952528,0.1722498010993959,0.3333333333333333,0.38056792632805864,2.741000146520741,-1.0986122886681098,-0.9660905990109522,13.25216896571576
309,0,10906.94,17.002642987883434,12.091712698482599,56.16562887480984,53.10784763753799,73.28893958003526,53.10784763753799,58.67322763776953,0.18891825542092705,0.5900871959726444,0.6519247515307726,2.8333688018475236,-0.5274849632180632,-0.4278261354785528,9.965882773951035
310,0,2723.58,13.567447782430511,12.091712698482599,33.36001724838059,30.0,41.295161182346966,30.0,36.838896728979634,0.15074941980478346,0.3333333333333333,0.40932107476644036,2.6076733782235286,-1.0986122886681098,-0.8932554070305878,20.535688163752198
311,0,2546.99,15.858624721833955,12.091712698482599,37.71977376713682,34.45486767656413,47.46172378597477,34.45486767656413,40.8440454449547,0.17620694135371062,0.38283186307293476,0.45382272716616334,2.7637134988172205,-0.960159385999688,-0.790048625990577,17.011076000911096
315,0,4915.39,15.691383104702991,12.091712698482599,43.34773609916759,40.166556733902915,55.39267843806391,40.166556733902915,46.194020489250406,0.17434870116336657,0.4462950748211435,0.5132668943250045,2.7531117148485014,-0.8067749429866905,-0.6669593072585238,13.981563572816668
316,0,3733.93,15.918675736801337,12.091712698482599,41.255062302471536,38.04681365022895,52.449065888970786,38.04681365022895,44.18875932547706,0.1768741748533482,0.42274237389143277,0.49098621472752285,2.7674929945946674,-0.8609923306531289,-0.711339227493111,14.96531031600179
317,0,10740.48,16.26359471352111,12.091712698482599,53.68208372686384,50.60461965150003,69.83388307342449,50.60461965150003,56.23779981895744,0.18070660792801232,0.5622735516833337,0.6248644424328604,2.7889291567780443,-0.5757668007437298,-0.4702205448776536,10.554625586607619
318,0,2378.26,19.572248571068343,15.067201826527109,44.94252846221012,41.80305398384272,57.57421247846889,41.80305398384272,47.70900990077716,0.21746942856742604,0.4644783775982525,0.5301001100086351,2.9741126736869368,-0.7668402716540196,-0.6346894034640912,13.215086818992837
319,0,622.6,19.82417870592191,15.067201826527109,33.644704595822475,30.358151119830605,41.512182178110045,30.358151119830605,37.01721419005184,0.22026865228802123,0.33731279022034005,0.4113023798894649,2.986902339470949,-1.0867446182135325,-0.8884266175007317,19.83180007128008
320,0,879.63,18.35411225222436,15.067201826527109,33.92361244961218,30.614823128086062,41.982718813291704,30.614823128086062,37.303057486165415,0.20393458058027067,0.34016470142317845,0.41447841651294903,2.909853650332372,-1.0783253627129346,-0.8807343769013806,19.7590985811554
330,0,1032.17,23.230149430415732,20.19981006483407,43.42864075644148,40.31512357987122,55.34125398598882,40.31512357987122,46.207247673757344,0.2581127714490637,0.44794581755412466,0.5134138630417483,3.1454509794097443,-0.8030829968408846,-0.6666730084909797,13.640998834990492
331,0,1969.25,25.12928395131177,20.19981006483407,54.23459991020572,51.207534830613696,70.48961226596552,51.207534830613696,56.738854824524296,0.27921426612568634,0.568972609229041,0.6304317202724922,3.2240338573696716,-0.5639229844520356,-0.4613504240132242,10.25725604388114
332,0,1082.05,29.50727444359334,25.52999959934083,54.78759752415655,51.812019363873276,71.14247380356976,51.812019363873276,57.240040759246156,0.32785860492881486,0.5756891040430364,0.6360004528805129,3.3846368242553835,-0.552187513928957,-0.45255600356599035,9.963151036296669
333,0,1546.06,32.40454400408267,25.52999959934083,64.2521041641204,60.0,85.51427191740856,60.0,67.64952104260854,0.3600504889342519,0.6666666666666666,0.7516613449178726,3.478298660004176,-0.40546510810816444,-0.28546939567040763,11.99957124377568
334,0,2386.3,29.665017845383932,25.52999959934083,65.01151823121101,60.0,87.3375685922673,60.0,69.05353232243813,0.3296113093931548,0.6666666666666666,0.7672614702493126,3.3899685012740166,-0.40546510810816444,-0.26492763577414635,14.05374723340181
336,0,465.23,20.642293936642197,15.672343999352103,32.92695144567574,30.0,40.09857925676229,30.0,35.92993867830428,0.22935882151824663,0.3333333333333333,0.3992215408700476,3.0273420747789235,-1.0986122886681098,-0.9182387759053121,18.037351276279768
338,0,1559.92,14.26241626072354,12.091712698482599,31.835233208168155,30.0,37.722858832599044,30.0,33.674571840649676,0.15847129178581712,0.3333333333333333,0.37416190934055193,2.6576278438807592,-1.0986122886681098,-0.983066662571989,11.554562609612073
339,0,557.39,14.081660234709325,12.091712698482599,25.10404297924938,23.566771092412825,28.660607512654504,23.566771092412825,26.40773040880294,0.15646289149677028,0.2618530121379203,0.2934192267644771,2.6448732581755094,-1.3399719550273272,-1.226152884525706,11.381907050162132
340,0,4033.96,14.795728123734298,12.091712698482599,39.29579964280565,36.05136763940383,49.70422394775914,36.05136763940383,42.334131680695656,0.16439697915260332,0.4005707515489314,0.4703792408966184,2.6943384988172205,-0.9148648700261527,-0.7542160141184946,16.064885590765808
341,0,8379.28,19.641082328477825,15.067201826527109,60.46633501780553,57.439112613391956,79.25291170292509,57.439112613391956,62.89787672776108,0.21823424809419806,0.6382123623710217,0.6988652969751231,2.977623409782544,-0.4490841946408308,-0.35829726350903157,9.078693113179925
342,0,4227.43,19.819482027269373,15.067201826527109,51.93771008050307,48.86007067735822,67.36825621928787,48.86007067735822,54.51796318781774,0.2202164669696597,0.5428896741928692,0.6057551465313082,2.986665394719246,-0.610849157973714,-0.5012794231906682,10.956973478304576
343,0,7079.02,21.337526645135036,15.067201826527109,62.85059872427388,59.826978087698556,82.53673992515887,59.826978087698556,65.23267215290558,0.2370836293903893,0.6647442009744284,0.7248074683656175,3.0604673368665885,-0.40835297251582015,-0.32184922027000573,8.650375224581442
353,0,4007.48,15.942706556573754,13.534350885107655,41.98032105003329,38.782322665615204,53.46887974546758,38.782322665615204,44.881567769760366,0.1771411839619306,0.4309146962846134,0.49868408633067074,2.7690014554710913,-0.8418451289205602,-0.6957824772446575,14.606265167590271
354,0,1217.91,16.40573491542511,13.534350885107655,33.15165171864246,30.0,40.75856097332128,30.0,36.40054887689792,0.18228594350472346,0.3333333333333333,0.4044505430766436,2.7976309636678125,-1.0986122886681098,-0.9052258167656004,19.338647190250935
355,0,2752.73,14.393160395784918,12.091712698482599,35.207705571177016,31.882309985336363,43.92578264578006,31.882309985336363,38.52572627347658,0.1599240043976102,0.3542478887259596,0.4280636252608509,2.666753121231843,-1.0377583602711409,-0.8484834372971989,18.9274922973942
356,0,1648.06,15.604331962125137,12.091712698482599,33.767787434712226,30.419529236860303,41.84892635997041,30.419529236860303,37.20375980328861,0.17338146624583486,0.3379947692984478,0.413375108925429,2.747548565586609,-1.0847248590672436,-0.8833998441775139,20.132501488972963
357,0,1628.19,14.880230866587885,12.091712698482599,32.7270404510724,30.0,39.78500604174152,30.0,35.51308227049786,0.16533589851764316,0.3333333333333333,0.3945898030055318,2.7000335445122663,-1.0986122886681098,-0.9299085270718341,16.870376159627565
364,0,5295.77,12.357822582767195,9.70382674009389,35.55618351898332,32.227409802194686,44.44791105929597,32.227409802194686,38.85796929749186,0.13730913980852438,0.3580823311354965,0.43175521441657627,2.5142892700676307,-1.0269923437828714,-0.839896484630304,18.709585915256742
365,0,8837.05,12.124036869884481,9.70382674009389,39.18710218681417,35.930173212868716,49.57731047208727,35.930173212868716,42.24249885708864,0.13471152077649423,0.3992241468096524,0.469361098412096,2.495190000256957,-0.9182322483740222,-0.756382874133557,16.18493742404652
366,0,2195.15,12.356890780222946,9.70382674009389,30.597747454660414,29.147026877098288,35.6234841421326,29.147026877098288,31.880403529860327,0.13729878644692162,0.323855854189981,0.35422670588733696,2.5142138653861354,-1.1274567566600848,-1.037818158713569,8.963859794651574
367,0,1779.24,16.58548088184026,13.534350885107655,36.240312653781004,32.954323804265634,45.34835460368403,32.954323804265634,39.4579231303704,0.18428312090933624,0.36615915338072924,0.4384213681152267,2.808527666964516,-1.004687194796051,-0.824574803397395,18.011239139865598
368,0,3980.81,17.710152584672553,13.534350885107655,46.149213858861515,43.01009805697538,59.29708311411274,43.01009805697538,48.88838328152576,0.19677947316302838,0.4778899784108376,0.5432042586836195,2.874138067492949,-0.7383747436726438,-0.6102698627764475,12.810488089619632
369,0,3184.51,17.753173647850684,13.534350885107655,43.94291145338115,40.77995630733427,56.20117149229407,40.77995630733427,46.7561311916333,0.1972574849761187,0.4531106256370474,0.5195125687959256,2.8765642970011456,-0.7916189766084076,-0.6548642747106449,13.675470189776274
373,0,569.17,15.067201826527109,15.067201826527109,26.86840058615593,25.348735733421513,30.832033074422682,25.348735733421513,28.130526883455722,0.167413353628079,0.28165261926023905,0.3125614098161747,2.7125203169990386,-1.2670808139856002,-1.16295431769976,10.412649628584013
374,0,214.83,15.067201826527109,15.067201826527109,21.391831535567512,19.847687443076584,23.872992226864955,19.847687443076584,22.779661949118683,0.167413353628079,0.22052986047862871,0.2531073549902076,2.7125203169990386,-1.5117221715921376,-1.3739415522317577,13.77806193603799
375,0,668.75,15.067201826527109,15.067201826527109,27.909077021788097,26.393889371133998,32.134723839557765,26.393889371133998,29.15432802828088,0.167413353628079,0.2932654374570444,0.3239369780920098,2.7125203169990386,-1.22667715018436,-1.1272062941714305,9.94708560129296
380,0,2274.93,12.091712698482599,12.091712698482599,30.266798601488105,28.77740134785893,35.173788018222716,28.77740134785893,31.519180892048087,0.13435236331647332,0.31974890386509924,0.35021312102275653,2.492520316999039,-1.1402192666288287,-1.049213392605661,9.100587402316762
382,0,1643.6,12.091712698482599,12.091712698482599,28.061005836276486,26.529667359766165,32.40635542484158,26.529667359766165,29.318495568455507,0.13435236331647332,0.2947740817751796,0.3257610618717279,2.492520316999039,-1.2215460405266108,-1.121591105390347,9.995493513626386
383,0,7492.26,25.661613107488268,21.014884317171944,72.1324265341107,63.6729228404808,100.6840491781474,63.6729228404808,78.09909599329909,0.28512903452764743,0.7074769204497867,0.8677677332588788,3.244996221883775,-0.3460502712692159,-0.14183118854138385,20.421908272783202
384,0,4387.0,26.290876952177634,21.014884317171944,66.20529617430999,60.0,90.19987128605989,60.0,71.2835249365189,0.29212085502419594,0.6666666666666666,0.7920391659613212,3.2692219950579466,-0.40546510810816444,-0.2331444364190545,17.232067168910994
385,0,3494.78,28.038422208009454,21.014884317171944,66.48720832480976,60.0,90.85856792625587,60.0,71.81421527706888,0.3115380245334384,0.6666666666666666,0.7979357253007654,3.3335757912540194,-0.40546510810816444,-0.2257272295121127,17.973787859605174
394,0,3012.73,13.039472443609458,10.802846566031105,33.10934779099239,30.0,40.70776770995348,30.0,36.311781188101634,0.1448830271512162,0.3333333333333333,0.40346423542335147,2.5679810989016936,-1.0986122886681098,-0.9076674310782167,19.09448575898931
395,0,2092.77,13.389228685978217,10.802846566031105,32.009743202656935,30.0,38.13802247279643,30.0,34.03161801922628,0.1487692076219802,0.3333333333333333,0.3781290891025142,2.5944505543081653,-1.0986122886681098,-0.9725196361000943,12.60926525680155
396,0,1004.77,13.226487331312905,10.802846566031105,27.187545365504352,25.656372801184595,31.2949250917377,25.656372801184595,28.455634594228957,0.14696097034792116,0.28507080890205105,0.3161737177136551,2.582221435036147,-1.2550176772847466,-1.1514634768465077,10.355420043823882
400,0,3855.76,21.873186910289895,18.148071416139747,55.740911472518704,52.6989500783467,72.65132806692408,52.6989500783467,58.23975622927925,0.24303541011433216,0.5855438897594077,0.6471084025475472,3.085261544707568,-0.5352141375934234,-0.4352414520742336,9.997268551918982
401,0,4475.97,23.856162217733253,18.148071416139747,62.66900044371888,59.65592341691708,82.26007981742083,59.65592341691708,65.04568601658941,0.265068469085925,0.6628435935213008,0.7227298446287713,3.172042557870711,-0.41121622383444795,-0.3247197855326147,8.649643830183324
402,0,2114.71,21.951819110632083,18.148071416139747,48.62175686288103,45.53351363661729,62.692259503388456,45.53351363661729,51.26529336163382,0.24390910122924536,0.5059279292957477,0.5696143706848202,3.08885001128686,-0.6813610520609462,-0.562795689770008,11.856536229093816
412,0,1041.35,26.58104634689788,22.047242753759175,49.2642452830173,46.23186691360048,63.466548311523646,46.23186691360048,51.84567980265078,0.29534495940997646,0.5136874101511164,0.576063108918342,3.280198418458282,-0.66614034998305,-0.5515380601936091,11.460228978944098
413,0,297.14,26.610959497362728,22.047242753759175,37.051202552082,33.988545379837774,45.97748306395528,33.988545379837774,39.98998829262177,0.29567732774847477,0.37765050422041974,0.44433320325135295,3.2813231421134037,-0.9737861030708646,-0.8111805402292263,16.26055628416383
414,0,777.5,26.999182736079295,22.047242753759175,46.71437323390451,43.679592341065685,59.844444893071,43.679592341065685,49.34440027754199,0.29999091928976995,0.48532880378961873,0.548271114194911,3.2958065965121124,-0.7229286717882271,-0.600985380442285,12.194329134594206
417,0,2329.2,19.88846528673586,16.442249572213505,45.39101317830166,42.25843674540747,58.198291534710705,42.25843674540747,48.14067621413624,0.2209829476303984,0.469538186060083,0.5348964023792916,2.9901399298454456,-0.7560056501799004,-0.625682191249395,13.032345893050545
418,0,6833.57,19.843057851489966,16.442249572213505,58.18521394087151,55.1486100431636,76.0801848926802,55.1486100431636,60.65231442812107,0.22047842057211073,0.6127623338129289,0.6739146047569008,2.9878542155597314,-0.48977812815482213,-0.39465187527058604,9.51262528842361
419,0,3020.29,20.067166757184342,16.442249572213505,48.59323795405667,45.4907494693584,62.686934663935475,45.4907494693584,51.25034142299887,0.22296851952427046,0.50545277188176,0.5694482380333208,2.9990849847905006,-0.6823006734090573,-0.5630873904217648,11.92132829872925
420,0,1596.76,17.253765664483346,13.65096527922779,36.64328592131811,33.371444382303594,45.904548027699455,33.371444382303594,39.825183148312384,0.1917085073831483,0.37079382647003994,0.4425020349812487,2.848030419043863,-0.9921090946468363,-0.8153102157170468,17.67988789297895
421,0,1155.43,22.352440486436702,16.86483970153737,43.02223887925091,39.89320954332861,54.796356568950074,39.89320954332861,45.82651365154876,0.2483604498492967,0.44325788381476233,0.5091834850172084,3.106935509122358,-0.813603547801873,-0.6749468460196518,13.865670178222123
422,0,1676.92,22.177378249514316,16.86483970153737,46.52254967469291,43.42038156304437,59.73829940560211,43.42038156304437,49.219252635645226,0.2464153138834924,0.48244868403382635,0.5468805848405025,3.099072771577417,-0.7288807181931584,-0.6035248096426271,12.535590855053124
426,0,894.62,15.185824928770115,12.091712698482599,30.10664345890103,28.612897456343163,34.88536557772073,28.612897456343163,31.331983928029118,0.16873138809744573,0.3179210828482574,0.3481331547558791,2.720362422262197,-1.1459520941443662,-1.0551702437824735,9.078185036189268
427,0,1206.64,14.54897169154048,12.091712698482599,30.947696900190458,29.54519570312861,36.06058749054026,29.54519570312861,32.25561185036861,0.16165524101711645,0.32827995225698453,0.35839568722631787,2.677520316999039,-1.1138885216544598,-1.026117631362475,8.777089029198493
428,0,839.75,15.548385099148376,12.091712698482599,30.304376683834857,28.835393535685903,35.14710780743277,28.835393535685903,31.546670109594867,0.17275983443498197,0.32039326150762115,0.3505185567732763,2.743956781087437,-1.1382060955084077,-1.0483416301906268,8.986446531778093
429,0,2050.8,21.68153002997321,16.816152255511735,47.72786939922005,44.63050864892284,61.443506865185,44.63050864892284,50.3962720680747,0.24090588922192455,0.4958945405435871,0.5599585785341633,3.0764607474195125,-0.7013919947358191,-0.5798924648919083,12.149952984391089
430,0,749.26,22.58125388770214,16.816152255511735,39.35790479703446,36.19934874095747,49.58132826849769,36.19934874095747,42.30561023809236,0.2509028209744682,0.40221498601063854,0.47006233597880404,3.117120088078853,-0.9107685422416575,-0.7548899633304432,15.587857891121427
431,0,2716.32,32.32291758210903,27.237869798762187,70.6177037069576,62.381563940739575,98.31505263516671,62.381563940739575,76.77228441821151,0.3591435286901003,0.6931284882304397,0.8530253824245724,3.475776501302318,-0.36653988827636974,-0.1589659752806902,20.757391299567953
432,0,1761.38,34.33876681095141,27.237869798762187,67.67755156072542,60.0,93.6509892981261,60.0,74.07208566901328,0.3815418534550157,0.6666666666666666,0.8230231741001475,3.5362749436699197,-0.40546510810816444,-0.19477092062112494,21.06941874870395
433,0,1603.74,35.972192450192004,27.237869798762187,69.01453218175176,61.01180197452781,95.81145235855061,61.01180197452781,75.38244790061691,0.3996910272243556,0.6779089108280868,0.837582754451299,3.5827462080377357,-0.3887423498785672,-0.17723520887929584,21.150714099927136
442,0,2142.07,18.13175509314832,16.86483970153737,40.92790124307907,37.73036104859958,51.9504770865062,37.73036104859958,43.86134423657027,0.20146394547942578,0.4192262338733287,0.4873482692952252,2.897664826101675,-0.8693445671287052,-0.7187762794615586,15.05682876671466
443,0,1593.33,18.924868774195428,16.86483970153737,39.789414945212755,36.58405572950449,50.32329021123245,36.58405572950449,42.7694727221318,0.21027631971328253,0.40648950810560547,0.47521636357924224,2.9404768653071565,-0.9001971606456775,-0.7439850763850747,15.621208426060274
447,0,2337.76,15.39524627826403,9.70382674009389,36.04155077398571,32.74127626255201,45.091691597329444,32.74127626255201,39.28523122325703,0.17105829198071146,0.36379195847280016,0.4365025691473003,2.7340587785375003,-1.0111731173953036,-0.8289610179298809,18.22120994654227
448,0,4399.35,14.021123441391978,9.70382674009389,38.17895165129129,34.91118865875603,48.13821902066312,34.91118865875603,41.286378013796316,0.15579026045991087,0.3879020962084004,0.4587375334866257,2.640565009736469,-0.9470023005590656,-0.7792770549436369,16.77252456154288
449,0,218.71,13.839409969221226,9.70382674009389,19.887768645361405,18.312688980550035,22.033876444419825,18.312688980550035,21.352744192323232,0.15377122188023584,0.2034743220061115,0.23725271324803593,2.6275203169990387,-1.5922154638492287,-1.4386294053170887,15.358605853214002
